Vegetable,YearMonth,Avg_Price_NPR_Kg
Bamboo Shoot,2013-06,65.0
Bamboo Shoot,2013-07,65.0
Bamboo Shoot,2013-08,67.25
Bamboo Shoot,2013-09,66.3
Bamboo Shoot,2013-10,65.0
Bamboo Shoot,2013-11,81.82
Bamboo Shoot,2013-12,123.41
Bamboo Shoot,2014-01,135.0
Bamboo Shoot,2014-05,135.0
Bamboo Shoot,2014-06,130.8
Bamboo Shoot,2014-07,134.52
Bamboo Shoot,2014-08,104.33
Bamboo Shoot,2014-09,65.37
Bamboo Shoot,2014-10,68.1
Bamboo Shoot,2014-11,75.0
Bamboo Shoot,2014-12,75.18
Bamboo Shoot,2015-01,74.35
Bamboo Shoot,2015-02,65.0
Bamboo Shoot,2015-03,65.7
Bamboo Shoot,2015-04,66.05
Bamboo Shoot,2015-05,65.62
Bamboo Shoot,2015-07,65.56
Bamboo Shoot,2015-08,65.0
Bamboo Shoot,2015-09,65.0
Bamboo Shoot,2015-10,65.0
Bamboo Shoot,2015-11,75.0
Bamboo Shoot,2015-12,75.16
Bamboo Shoot,2016-01,74.92
Bamboo Shoot,2016-02,75.6
Bamboo Shoot,2016-03,77.12
Bamboo Shoot,2016-04,130.56
Bamboo Shoot,2016-05,135.0
Bamboo Shoot,2016-06,135.0
Bamboo Shoot,2016-07,131.13
Bamboo Shoot,2016-08,124.19
Bamboo Shoot,2016-09,125.0
Bamboo Shoot,2016-10,125.0
Bamboo Shoot,2016-11,125.0
Bamboo Shoot,2016-12,125.0
Bamboo Shoot,2017-01,125.0
Bamboo Shoot,2017-02,125.0
Bamboo Shoot,2017-03,123.62
Bamboo Shoot,2017-04,124.33
Bamboo Shoot,2017-05,125.0
Bamboo Shoot,2017-06,125.0
Bamboo Shoot,2017-07,123.71
Bamboo Shoot,2017-08,125.0
Bamboo Shoot,2017-09,125.0
Bamboo Shoot,2017-10,125.0
Bamboo Shoot,2017-11,125.67
Bamboo Shoot,2017-12,125.0
Bamboo Shoot,2018-01,121.58
Bamboo Shoot,2018-02,75.09
Bamboo Shoot,2018-03,75.33
Bamboo Shoot,2018-04,75.0
Bamboo Shoot,2018-05,75.0
Bamboo Shoot,2018-06,87.0
Bamboo Shoot,2018-07,93.06
Bamboo Shoot,2018-08,75.0
Bamboo Shoot,2018-09,75.0
Bamboo Shoot,2018-10,75.0
Bamboo Shoot,2018-11,75.69
Bamboo Shoot,2018-12,100.48
Bamboo Shoot,2019-01,106.94
Bamboo Shoot,2019-02,114.29
Bamboo Shoot,2019-03,115.0
Bamboo Shoot,2019-04,115.0
Bamboo Shoot,2019-05,115.0
Bamboo Shoot,2019-06,115.0
Bamboo Shoot,2019-07,114.35
Bamboo Shoot,2019-08,115.0
Bamboo Shoot,2019-09,115.67
Bamboo Shoot,2019-10,115.0
Bamboo Shoot,2019-11,115.67
Bamboo Shoot,2019-12,114.68
Bamboo Shoot,2020-01,115.0
Bamboo Shoot,2020-02,115.0
Bamboo Shoot,2020-03,114.46
Bamboo Shoot,2020-04,115.0
Bamboo Shoot,2020-05,115.16
Bamboo Shoot,2020-06,114.67
Bamboo Shoot,2020-07,114.33
Bamboo Shoot,2020-08,103.39
Bamboo Shoot,2020-09,95.0
Bamboo Shoot,2020-10,92.93
Bamboo Shoot,2020-11,85.0
Bamboo Shoot,2020-12,82.1
Bamboo Shoot,2021-01,77.26
Bamboo Shoot,2021-02,75.0
Bamboo Shoot,2021-03,75.0
Bamboo Shoot,2021-04,93.0
Bamboo Shoot,2021-05,95.0
Bamboo Shoot,2021-06,95.0
Bamboo Shoot,2021-07,95.0
Bamboo Shoot,2021-08,95.0
Bamboo Shoot,2021-09,95.0
Bamboo Shoot,2021-10,88.87
Bamboo Shoot,2021-11,88.33
Bamboo Shoot,2021-12,89.52
Bamboo Shoot,2022-01,94.35
Bamboo Shoot,2022-02,95.0
Bamboo Shoot,2022-03,95.0
Bamboo Shoot,2022-04,95.22
Bamboo Shoot,2022-05,111.39
Bamboo Shoot,2022-06,119.31
Bamboo Shoot,2022-07,122.42
Bamboo Shoot,2022-08,124.19
Bamboo Shoot,2022-09,117.11
Bamboo Shoot,2022-10,103.87
Bamboo Shoot,2022-11,104.5
Bamboo Shoot,2022-12,96.06
Bamboo Shoot,2023-01,96.36
Bamboo Shoot,2023-02,96.35
Bamboo Shoot,2023-03,96.04
Bamboo Shoot,2023-04,95.06
Bamboo Shoot,2023-05,96.35
Bamboo Shoot,2023-06,98.06
Bamboo Shoot,2023-07,117.95
Bamboo Shoot,2023-08,97.97
Bamboo Shoot,2023-09,96.19
Bottle Gourd,2013-06,28.21
Bottle Gourd,2013-07,31.82
Bottle Gourd,2013-08,31.82
Bottle Gourd,2013-09,31.86
Bottle Gourd,2013-10,33.7
Bottle Gourd,2013-11,42.74
Bottle Gourd,2013-12,40.25
Bottle Gourd,2014-01,37.08
Bottle Gourd,2014-02,38.98
Bottle Gourd,2014-03,37.32
Bottle Gourd,2014-04,30.05
Bottle Gourd,2014-05,33.0
Bottle Gourd,2014-06,30.42
Bottle Gourd,2014-07,30.55
Bottle Gourd,2014-08,24.88
Bottle Gourd,2014-09,31.29
Bottle Gourd,2014-10,29.5
Bottle Gourd,2014-11,35.14
Bottle Gourd,2014-12,32.3
Bottle Gourd,2015-01,42.5
Bottle Gourd,2015-02,40.44
Bottle Gourd,2015-03,37.67
Bottle Gourd,2015-04,33.66
Bottle Gourd,2015-05,27.5
Bottle Gourd,2015-06,30.02
Bottle Gourd,2015-07,35.66
Bottle Gourd,2015-08,33.71
Bottle Gourd,2015-09,30.88
Bottle Gourd,2015-10,38.56
Bottle Gourd,2015-11,37.74
Bottle Gourd,2015-12,39.92
Bottle Gourd,2016-01,41.29
Bottle Gourd,2016-02,36.72
Bottle Gourd,2016-03,39.14
Bottle Gourd,2016-04,46.3
Bottle Gourd,2016-05,48.23
Bottle Gourd,2016-06,36.97
Bottle Gourd,2016-07,42.5
Bottle Gourd,2016-08,36.96
Bottle Gourd,2016-09,34.33
Bottle Gourd,2016-10,35.37
Bottle Gourd,2016-11,39.13
Bottle Gourd,2016-12,37.02
Bottle Gourd,2017-01,34.68
Bottle Gourd,2017-02,35.74
Bottle Gourd,2017-03,39.33
Bottle Gourd,2017-04,39.93
Bottle Gourd,2017-05,31.67
Bottle Gourd,2017-06,34.17
Bottle Gourd,2017-07,38.39
Bottle Gourd,2017-08,42.66
Bottle Gourd,2017-09,37.59
Bottle Gourd,2017-10,43.19
Bottle Gourd,2017-11,42.1
Bottle Gourd,2017-12,37.71
Bottle Gourd,2018-01,46.33
Bottle Gourd,2018-02,46.02
Bottle Gourd,2018-03,42.58
Bottle Gourd,2018-04,37.5
Bottle Gourd,2018-05,36.18
Bottle Gourd,2018-06,43.0
Bottle Gourd,2018-07,49.76
Bottle Gourd,2018-08,52.55
Bottle Gourd,2018-09,44.42
Bottle Gourd,2018-10,32.66
Bottle Gourd,2018-11,34.17
Bottle Gourd,2018-12,43.92
Bottle Gourd,2019-01,51.94
Bottle Gourd,2019-02,46.57
Bottle Gourd,2019-03,49.87
Bottle Gourd,2019-04,48.0
Bottle Gourd,2019-05,44.11
Bottle Gourd,2019-06,49.42
Bottle Gourd,2019-07,54.81
Bottle Gourd,2019-08,34.52
Bottle Gourd,2019-09,40.17
Bottle Gourd,2019-10,50.92
Bottle Gourd,2019-11,54.27
Bottle Gourd,2019-12,52.66
Bottle Gourd,2020-01,47.58
Bottle Gourd,2020-02,47.84
Bottle Gourd,2020-03,48.75
Bottle Gourd,2020-04,35.16
Bottle Gourd,2020-05,22.5
Bottle Gourd,2020-06,23.83
Bottle Gourd,2020-07,49.75
Bottle Gourd,2020-08,40.65
Bottle Gourd,2020-09,46.11
Bottle Gourd,2020-10,46.3
Bottle Gourd,2020-11,45.95
Bottle Gourd,2020-12,39.84
Bottle Gourd,2021-01,43.95
Bottle Gourd,2021-02,54.2
Bottle Gourd,2021-03,54.58
Bottle Gourd,2021-04,41.67
Bottle Gourd,2021-05,31.81
Bottle Gourd,2021-06,51.94
Bottle Gourd,2021-07,47.95
Bottle Gourd,2021-08,28.52
Bottle Gourd,2021-09,44.25
Bottle Gourd,2021-10,41.25
Bottle Gourd,2021-11,50.0
Bottle Gourd,2021-12,51.77
Bottle Gourd,2022-01,55.0
Bottle Gourd,2022-02,61.36
Bottle Gourd,2022-03,52.33
Bottle Gourd,2022-04,45.96
Bottle Gourd,2022-05,36.53
Bottle Gourd,2022-06,46.33
Bottle Gourd,2022-07,50.59
Bottle Gourd,2022-08,42.98
Bottle Gourd,2022-09,48.62
Bottle Gourd,2022-10,50.8
Bottle Gourd,2022-11,45.92
Bottle Gourd,2022-12,47.51
Bottle Gourd,2023-01,55.74
Bottle Gourd,2023-02,55.18
Bottle Gourd,2023-03,57.33
Bottle Gourd,2023-04,43.95
Bottle Gourd,2023-05,45.44
Bottle Gourd,2023-06,60.23
Bottle Gourd,2023-07,56.37
Bottle Gourd,2023-08,53.25
Bottle Gourd,2023-09,40.28
Brd Leaf Mustard,2013-06,42.05
Brd Leaf Mustard,2013-07,36.3
Brd Leaf Mustard,2013-08,51.25
Brd Leaf Mustard,2013-09,48.7
Brd Leaf Mustard,2013-10,36.76
Brd Leaf Mustard,2013-11,40.31
Brd Leaf Mustard,2013-12,22.5
Brd Leaf Mustard,2014-01,25.28
Brd Leaf Mustard,2014-02,29.0
Brd Leaf Mustard,2014-03,25.0
Brd Leaf Mustard,2014-04,52.41
Brd Leaf Mustard,2014-05,68.15
Brd Leaf Mustard,2014-06,55.9
Brd Leaf Mustard,2014-07,65.16
Brd Leaf Mustard,2014-08,58.33
Brd Leaf Mustard,2014-09,57.87
Brd Leaf Mustard,2014-10,50.57
Brd Leaf Mustard,2014-11,41.12
Brd Leaf Mustard,2014-12,33.88
Brd Leaf Mustard,2015-01,31.67
Brd Leaf Mustard,2015-02,32.5
Brd Leaf Mustard,2015-03,25.36
Brd Leaf Mustard,2015-04,43.38
Brd Leaf Mustard,2015-05,34.97
Brd Leaf Mustard,2015-06,41.33
Brd Leaf Mustard,2015-07,53.31
Brd Leaf Mustard,2015-08,54.68
Brd Leaf Mustard,2015-09,61.42
Brd Leaf Mustard,2015-10,57.66
Brd Leaf Mustard,2015-11,43.42
Brd Leaf Mustard,2015-12,46.61
Brd Leaf Mustard,2016-01,45.32
Brd Leaf Mustard,2016-02,44.91
Brd Leaf Mustard,2016-03,36.21
Brd Leaf Mustard,2016-04,59.83
Brd Leaf Mustard,2016-05,74.11
Brd Leaf Mustard,2016-06,56.33
Brd Leaf Mustard,2016-07,46.23
Brd Leaf Mustard,2016-08,77.74
Brd Leaf Mustard,2016-09,58.36
Brd Leaf Mustard,2016-10,53.23
Brd Leaf Mustard,2016-11,40.33
Brd Leaf Mustard,2016-12,25.73
Brd Leaf Mustard,2017-01,30.16
Brd Leaf Mustard,2017-02,28.61
Brd Leaf Mustard,2017-03,31.29
Brd Leaf Mustard,2017-04,42.33
Brd Leaf Mustard,2017-05,50.33
Brd Leaf Mustard,2017-06,52.5
Brd Leaf Mustard,2017-07,55.65
Brd Leaf Mustard,2017-08,57.34
Brd Leaf Mustard,2017-09,53.97
Brd Leaf Mustard,2017-10,53.87
Brd Leaf Mustard,2017-11,50.17
Brd Leaf Mustard,2017-12,37.5
Brd Leaf Mustard,2018-01,49.5
Brd Leaf Mustard,2018-02,47.86
Brd Leaf Mustard,2018-03,49.83
Brd Leaf Mustard,2018-04,74.25
Brd Leaf Mustard,2018-05,58.31
Brd Leaf Mustard,2018-06,43.83
Brd Leaf Mustard,2018-07,64.44
Brd Leaf Mustard,2018-08,98.06
Brd Leaf Mustard,2018-09,102.42
Brd Leaf Mustard,2018-10,55.73
Brd Leaf Mustard,2018-11,25.25
Brd Leaf Mustard,2018-12,29.26
Brd Leaf Mustard,2019-01,41.45
Brd Leaf Mustard,2019-02,27.68
Brd Leaf Mustard,2019-03,28.17
Brd Leaf Mustard,2019-04,43.92
Brd Leaf Mustard,2019-05,78.79
Brd Leaf Mustard,2019-06,58.0
Brd Leaf Mustard,2019-07,72.18
Brd Leaf Mustard,2019-08,74.44
Brd Leaf Mustard,2019-09,75.0
Brd Leaf Mustard,2019-10,81.17
Brd Leaf Mustard,2019-11,51.5
Brd Leaf Mustard,2019-12,38.87
Brd Leaf Mustard,2020-01,32.89
Brd Leaf Mustard,2020-02,23.8
Brd Leaf Mustard,2020-03,33.89
Brd Leaf Mustard,2020-04,36.98
Brd Leaf Mustard,2020-05,42.53
Brd Leaf Mustard,2020-06,24.33
Brd Leaf Mustard,2020-07,60.52
Brd Leaf Mustard,2020-08,80.16
Brd Leaf Mustard,2020-09,65.33
Brd Leaf Mustard,2020-10,67.66
Brd Leaf Mustard,2020-11,29.5
Brd Leaf Mustard,2020-12,42.1
Brd Leaf Mustard,2021-01,37.95
Brd Leaf Mustard,2021-02,43.66
Brd Leaf Mustard,2021-03,60.17
Brd Leaf Mustard,2021-04,66.58
Brd Leaf Mustard,2021-05,27.82
Brd Leaf Mustard,2021-06,45.74
Brd Leaf Mustard,2021-07,82.76
Brd Leaf Mustard,2021-08,78.79
Brd Leaf Mustard,2021-10,77.86
Brd Leaf Mustard,2021-11,58.52
Brd Leaf Mustard,2021-12,40.5
Brd Leaf Mustard,2022-01,27.78
Brd Leaf Mustard,2022-02,26.18
Brd Leaf Mustard,2022-03,31.39
Brd Leaf Mustard,2022-04,84.2
Brd Leaf Mustard,2022-05,79.43
Brd Leaf Mustard,2022-06,74.39
Brd Leaf Mustard,2022-07,82.78
Brd Leaf Mustard,2022-08,85.73
Brd Leaf Mustard,2022-09,79.45
Brd Leaf Mustard,2022-10,102.67
Brd Leaf Mustard,2022-11,61.55
Brd Leaf Mustard,2022-12,45.72
Brd Leaf Mustard,2023-01,57.27
Brd Leaf Mustard,2023-02,40.33
Brd Leaf Mustard,2023-03,59.7
Brd Leaf Mustard,2023-04,44.5
Brd Leaf Mustard,2023-05,43.55
Brd Leaf Mustard,2023-06,42.06
Brd Leaf Mustard,2023-07,84.06
Brd Leaf Mustard,2023-08,84.89
Brd Leaf Mustard,2023-09,81.84
Brinjal Long,2013-06,31.44
Brinjal Long,2013-07,32.12
Brinjal Long,2013-08,27.45
Brinjal Long,2013-09,28.16
Brinjal Long,2013-10,36.04
Brinjal Long,2013-11,49.17
Brinjal Long,2013-12,25.5
Brinjal Long,2014-01,24.77
Brinjal Long,2014-02,34.85
Brinjal Long,2014-03,40.89
Brinjal Long,2014-04,25.83
Brinjal Long,2014-05,23.75
Brinjal Long,2014-06,25.75
Brinjal Long,2014-07,22.25
Brinjal Long,2014-08,22.5
Brinjal Long,2014-09,25.38
Brinjal Long,2014-10,29.47
Brinjal Long,2014-11,28.95
Brinjal Long,2014-12,31.78
Brinjal Long,2015-01,38.31
Brinjal Long,2015-02,38.6
Brinjal Long,2015-03,32.73
Brinjal Long,2015-04,26.19
Brinjal Long,2015-05,22.18
Brinjal Long,2015-06,25.33
Brinjal Long,2015-07,35.02
Brinjal Long,2015-08,25.47
Brinjal Long,2015-09,25.5
Brinjal Long,2015-10,37.53
Brinjal Long,2015-11,31.6
Brinjal Long,2015-12,40.45
Brinjal Long,2016-01,38.42
Brinjal Long,2016-02,42.89
Brinjal Long,2016-03,39.91
Brinjal Long,2016-04,38.98
Brinjal Long,2016-05,41.45
Brinjal Long,2016-06,27.61
Brinjal Long,2016-07,35.84
Brinjal Long,2016-08,37.24
Brinjal Long,2016-09,37.7
Brinjal Long,2016-10,44.43
Brinjal Long,2016-11,37.67
Brinjal Long,2016-12,34.05
Brinjal Long,2017-01,35.69
Brinjal Long,2017-02,32.78
Brinjal Long,2017-03,31.07
Brinjal Long,2017-04,26.48
Brinjal Long,2017-05,30.12
Brinjal Long,2017-06,27.67
Brinjal Long,2017-07,29.71
Brinjal Long,2017-08,32.5
Brinjal Long,2017-09,40.95
Brinjal Long,2017-10,49.57
Brinjal Long,2017-11,52.5
Brinjal Long,2017-12,34.85
Brinjal Long,2018-01,42.33
Brinjal Long,2018-02,50.41
Brinjal Long,2018-03,45.87
Brinjal Long,2018-04,39.58
Brinjal Long,2018-05,39.45
Brinjal Long,2018-06,40.0
Brinjal Long,2018-07,38.79
Brinjal Long,2018-08,46.9
Brinjal Long,2018-09,43.0
Brinjal Long,2018-10,32.66
Brinjal Long,2018-11,24.58
Brinjal Long,2018-12,33.95
Brinjal Long,2019-01,37.47
Brinjal Long,2019-02,30.29
Brinjal Long,2019-03,34.83
Brinjal Long,2019-04,37.5
Brinjal Long,2019-05,48.23
Brinjal Long,2019-06,43.33
Brinjal Long,2019-07,49.22
Brinjal Long,2019-08,39.46
Brinjal Long,2019-09,44.0
Brinjal Long,2019-10,57.5
Brinjal Long,2019-11,45.5
Brinjal Long,2019-12,43.74
Brinjal Long,2020-01,55.1
Brinjal Long,2020-02,52.21
Brinjal Long,2020-03,50.56
Brinjal Long,2020-04,27.56
Brinjal Long,2020-05,36.45
Brinjal Long,2020-06,25.83
Brinjal Long,2020-07,50.67
Brinjal Long,2020-08,55.45
Brinjal Long,2020-09,47.6
Brinjal Long,2020-10,48.0
Brinjal Long,2020-11,39.72
Brinjal Long,2020-12,41.37
Brinjal Long,2021-01,40.73
Brinjal Long,2021-02,52.14
Brinjal Long,2021-03,47.59
Brinjal Long,2021-04,32.17
Brinjal Long,2021-05,27.08
Brinjal Long,2021-06,32.58
Brinjal Long,2021-07,49.68
Brinjal Long,2021-08,25.87
Brinjal Long,2021-09,42.83
Brinjal Long,2021-10,36.76
Brinjal Long,2021-11,55.0
Brinjal Long,2021-12,36.69
Brinjal Long,2022-01,38.63
Brinjal Long,2022-02,62.27
Brinjal Long,2022-03,53.75
Brinjal Long,2022-04,45.21
Brinjal Long,2022-05,42.89
Brinjal Long,2022-06,27.06
Brinjal Long,2022-07,30.99
Brinjal Long,2022-08,34.28
Brinjal Long,2022-09,35.56
Brinjal Long,2022-10,48.01
Brinjal Long,2022-11,36.41
Brinjal Long,2022-12,32.38
Brinjal Long,2023-01,55.13
Brinjal Long,2023-02,57.01
Brinjal Long,2023-03,55.99
Brinjal Long,2023-04,37.55
Brinjal Long,2023-05,38.35
Brinjal Long,2023-06,36.89
Brinjal Long,2023-07,45.17
Brinjal Long,2023-08,49.4
Brinjal Long,2023-09,43.42
Cabbage(Local),2013-06,12.5
Cabbage(Local),2013-07,16.2
Cabbage(Local),2013-08,35.71
Cabbage(Local),2013-09,42.36
Cabbage(Local),2013-10,32.15
Cabbage(Local),2013-11,42.3
Cabbage(Local),2013-12,28.71
Cabbage(Local),2014-01,20.02
Cabbage(Local),2014-02,19.76
Cabbage(Local),2014-03,20.93
Cabbage(Local),2014-04,19.57
Cabbage(Local),2014-05,21.09
Cabbage(Local),2014-06,28.46
Cabbage(Local),2014-07,31.82
Cabbage(Local),2014-08,17.2
Cabbage(Local),2014-09,14.27
Cabbage(Local),2014-10,21.14
Cabbage(Local),2014-11,20.18
Cabbage(Local),2014-12,15.28
Cabbage(Local),2015-01,14.43
Cabbage(Local),2015-02,12.23
Cabbage(Local),2015-03,13.34
Cabbage(Local),2015-04,12.66
Cabbage(Local),2015-05,11.0
Cabbage(Local),2015-06,16.1
Cabbage(Local),2015-07,32.81
Cabbage(Local),2015-08,35.05
Cabbage(Local),2015-09,39.57
Cabbage(Local),2015-10,44.24
Cabbage(Local),2015-11,25.53
Cabbage(Local),2015-12,20.68
Cabbage(Local),2016-01,21.55
Cabbage(Local),2016-02,17.93
Cabbage(Local),2016-03,17.6
Cabbage(Local),2016-04,22.88
Cabbage(Local),2016-05,29.47
Cabbage(Local),2016-06,32.62
Cabbage(Local),2016-07,35.79
Cabbage(Local),2016-08,28.48
Cabbage(Local),2016-09,23.32
Cabbage(Local),2016-10,31.02
Cabbage(Local),2016-11,42.41
Cabbage(Local),2016-12,24.84
Cabbage(Local),2017-01,19.4
Cabbage(Local),2017-02,14.15
Cabbage(Local),2017-03,13.66
Cabbage(Local),2017-04,11.6
Cabbage(Local),2017-05,14.65
Cabbage(Local),2017-06,17.12
Cabbage(Local),2017-07,15.34
Cabbage(Local),2017-08,20.92
Cabbage(Local),2017-09,40.83
Cabbage(Local),2017-10,46.4
Cabbage(Local),2017-11,53.46
Cabbage(Local),2017-12,32.77
Cabbage(Local),2018-01,30.03
Cabbage(Local),2018-02,29.88
Cabbage(Local),2018-03,26.22
Cabbage(Local),2018-04,26.78
Cabbage(Local),2018-05,25.15
Cabbage(Local),2018-06,39.19
Cabbage(Local),2018-07,39.57
Cabbage(Local),2018-08,43.5
Cabbage(Local),2018-09,48.89
Cabbage(Local),2018-10,34.68
Cabbage(Local),2018-11,22.0
Cabbage(Local),2018-12,13.17
Cabbage(Local),2019-01,12.43
Cabbage(Local),2019-02,11.21
Cabbage(Local),2019-03,12.55
Cabbage(Local),2019-04,11.81
Cabbage(Local),2019-05,15.85
Cabbage(Local),2019-06,28.77
Cabbage(Local),2019-07,29.16
Cabbage(Local),2019-08,34.92
Cabbage(Local),2019-09,44.5
Cabbage(Local),2019-10,48.63
Cabbage(Local),2019-11,53.5
Cabbage(Local),2019-12,42.58
Cabbage(Local),2020-01,40.0
Cabbage(Local),2020-02,29.38
Cabbage(Local),2020-03,22.21
Cabbage(Local),2020-04,20.0
Cabbage(Local),2020-06,13.54
Cabbage(Local),2020-07,22.42
Cabbage(Local),2020-08,36.53
Cabbage(Local),2020-09,47.92
Cabbage(Local),2020-10,50.88
Cabbage(Local),2020-11,53.48
Cabbage(Local),2020-12,31.6
Cabbage(Local),2021-01,23.31
Cabbage(Local),2021-02,16.91
Cabbage(Local),2021-03,12.82
Cabbage(Local),2021-04,29.37
Cabbage(Local),2021-05,25.24
Cabbage(Local),2021-06,33.4
Cabbage(Local),2021-07,46.36
Cabbage(Local),2021-08,38.55
Cabbage(Local),2021-09,36.25
Cabbage(Local),2021-10,24.6
Cabbage(Local),2021-11,26.05
Cabbage(Local),2021-12,40.94
Cabbage(Local),2022-01,25.82
Cabbage(Local),2022-02,22.79
Cabbage(Local),2022-03,23.8
Cabbage(Local),2022-04,32.04
Cabbage(Local),2022-05,49.92
Cabbage(Local),2022-06,49.0
Cabbage(Local),2022-07,42.66
Cabbage(Local),2022-08,33.79
Cabbage(Local),2022-09,36.45
Cabbage(Local),2022-10,39.89
Cabbage(Local),2022-11,38.9
Cabbage(Local),2022-12,29.25
Cabbage(Local),2023-01,23.08
Cabbage(Local),2023-02,17.74
Cabbage(Local),2023-03,14.76
Cabbage(Local),2023-04,13.05
Cabbage(Local),2023-05,13.16
Cabbage(Local),2023-06,12.43
Cabbage(Local),2023-07,12.83
Cabbage(Local),2023-08,31.47
Cabbage(Local),2023-09,53.0
Capsicum,2013-06,70.91
Capsicum,2013-07,77.9
Capsicum,2013-08,57.86
Capsicum,2013-09,84.6
Capsicum,2013-10,117.0
Capsicum,2013-11,91.77
Capsicum,2013-12,51.88
Capsicum,2014-01,45.71
Capsicum,2014-02,50.98
Capsicum,2014-03,68.98
Capsicum,2014-04,71.52
Capsicum,2014-05,61.2
Capsicum,2014-06,49.9
Capsicum,2014-07,61.37
Capsicum,2014-08,47.7
Capsicum,2014-09,105.09
Capsicum,2014-10,124.23
Capsicum,2014-11,72.67
Capsicum,2014-12,72.17
Capsicum,2015-01,53.61
Capsicum,2015-02,46.04
Capsicum,2015-03,76.19
Capsicum,2015-04,81.41
Capsicum,2015-05,54.12
Capsicum,2015-06,43.76
Capsicum,2015-07,83.47
Capsicum,2015-08,62.05
Capsicum,2015-09,68.75
Capsicum,2015-10,103.39
Capsicum,2015-11,66.75
Capsicum,2015-12,54.92
Capsicum,2016-01,51.77
Capsicum,2016-02,41.06
Capsicum,2016-03,66.2
Capsicum,2016-04,93.25
Capsicum,2016-05,75.0
Capsicum,2016-06,72.5
Capsicum,2016-07,103.75
Capsicum,2016-08,109.84
Capsicum,2016-09,89.75
Capsicum,2016-10,86.29
Capsicum,2016-11,64.33
Capsicum,2016-12,44.19
Capsicum,2017-01,38.45
Capsicum,2017-02,37.5
Capsicum,2017-03,69.91
Capsicum,2017-04,70.75
Capsicum,2017-05,61.63
Capsicum,2017-06,55.58
Capsicum,2017-07,60.73
Capsicum,2017-08,61.85
Capsicum,2017-09,90.9
Capsicum,2017-10,120.6
Capsicum,2017-11,87.33
Capsicum,2017-12,74.17
Capsicum,2018-01,70.0
Capsicum,2018-02,64.64
Capsicum,2018-03,75.15
Capsicum,2018-04,65.5
Capsicum,2018-05,46.52
Capsicum,2018-06,58.39
Capsicum,2018-07,82.33
Capsicum,2018-08,83.79
Capsicum,2018-09,77.5
Capsicum,2018-10,78.17
Capsicum,2018-11,56.9
Capsicum,2018-12,51.69
Capsicum,2019-01,70.48
Capsicum,2019-02,58.57
Capsicum,2019-03,75.08
Capsicum,2019-04,104.5
Capsicum,2019-05,80.63
Capsicum,2019-06,78.92
Capsicum,2019-07,69.5
Capsicum,2019-08,77.5
Capsicum,2019-09,70.33
Capsicum,2019-10,120.83
Capsicum,2019-11,82.16
Capsicum,2019-12,57.66
Capsicum,2020-01,61.21
Capsicum,2020-02,60.43
Capsicum,2020-03,97.72
Capsicum,2020-04,75.25
Capsicum,2020-05,45.4
Capsicum,2020-06,97.5
Capsicum,2020-07,116.38
Capsicum,2020-08,103.39
Capsicum,2020-09,89.92
Capsicum,2020-10,140.0
Capsicum,2020-11,102.14
Capsicum,2020-12,81.67
Capsicum,2021-01,69.6
Capsicum,2021-02,69.64
Capsicum,2021-03,94.0
Capsicum,2021-04,109.31
Capsicum,2021-05,62.16
Capsicum,2021-06,67.5
Capsicum,2021-07,107.83
Capsicum,2021-08,74.68
Capsicum,2021-09,96.8
Capsicum,2021-10,120.0
Capsicum,2021-11,121.67
Capsicum,2021-12,102.86
Capsicum,2022-01,99.68
Capsicum,2022-02,118.26
Capsicum,2022-03,86.38
Capsicum,2022-04,107.61
Capsicum,2022-05,94.49
Capsicum,2022-06,125.03
Capsicum,2022-07,90.19
Capsicum,2022-08,80.42
Capsicum,2022-09,72.24
Capsicum,2022-10,121.43
Capsicum,2022-11,90.18
Capsicum,2022-12,63.67
Capsicum,2023-01,60.56
Capsicum,2023-02,58.17
Capsicum,2023-03,117.49
Capsicum,2023-04,94.61
Capsicum,2023-05,73.27
Capsicum,2023-06,65.5
Capsicum,2023-07,76.65
Capsicum,2023-08,69.87
Capsicum,2023-09,87.76
Carrot(Local),2013-06,39.59
Carrot(Local),2013-07,46.46
Carrot(Local),2013-08,50.95
Carrot(Local),2013-09,63.5
Carrot(Local),2013-10,86.8
Carrot(Local),2013-11,86.56
Carrot(Local),2013-12,37.21
Carrot(Local),2014-01,26.1
Carrot(Local),2014-02,28.1
Carrot(Local),2014-03,29.22
Carrot(Local),2014-04,35.02
Carrot(Local),2014-05,38.59
Carrot(Local),2014-06,50.62
Carrot(Local),2014-07,79.19
Carrot(Local),2014-08,75.42
Carrot(Local),2014-09,74.62
Carrot(Local),2014-10,80.48
Carrot(Local),2014-11,70.34
Carrot(Local),2014-12,45.08
Carrot(Local),2015-01,42.94
Carrot(Local),2015-02,25.6
Carrot(Local),2015-03,24.95
Carrot(Local),2015-04,33.6
Carrot(Local),2015-05,29.42
Carrot(Local),2015-06,36.37
Carrot(Local),2015-07,59.98
Carrot(Local),2015-08,63.63
Carrot(Local),2015-09,75.92
Carrot(Local),2015-10,92.18
Carrot(Local),2015-11,68.67
Carrot(Local),2015-12,45.84
Carrot(Local),2016-01,37.2
Carrot(Local),2016-02,29.52
Carrot(Local),2016-03,28.73
Carrot(Local),2016-04,48.55
Carrot(Local),2016-05,54.16
Carrot(Local),2016-06,75.5
Carrot(Local),2016-07,109.27
Carrot(Local),2016-08,101.21
Carrot(Local),2016-09,109.5
Carrot(Local),2016-10,105.42
Carrot(Local),2016-11,96.1
Carrot(Local),2016-12,63.97
Carrot(Local),2017-01,46.45
Carrot(Local),2017-02,27.41
Carrot(Local),2017-03,27.45
Carrot(Local),2017-04,39.63
Carrot(Local),2017-05,49.67
Carrot(Local),2017-06,62.88
Carrot(Local),2017-07,75.89
Carrot(Local),2017-08,65.08
Carrot(Local),2017-09,68.88
Carrot(Local),2017-10,78.53
Carrot(Local),2017-11,96.0
Carrot(Local),2017-12,70.83
Carrot(Local),2018-01,45.55
Carrot(Local),2018-02,32.18
Carrot(Local),2018-03,28.53
Carrot(Local),2018-04,38.48
Carrot(Local),2018-05,52.66
Carrot(Local),2018-06,80.92
Carrot(Local),2018-07,105.32
Carrot(Local),2018-08,107.5
Carrot(Local),2018-09,126.31
Carrot(Local),2018-10,105.73
Carrot(Local),2018-11,109.1
Carrot(Local),2018-12,73.23
Carrot(Local),2019-01,45.05
Carrot(Local),2019-02,24.85
Carrot(Local),2019-03,29.17
Carrot(Local),2019-04,24.88
Carrot(Local),2019-05,39.34
Carrot(Local),2019-06,70.83
Carrot(Local),2019-07,96.85
Carrot(Local),2019-08,97.39
Carrot(Local),2019-09,97.5
Carrot(Local),2019-10,109.79
Carrot(Local),2019-11,109.38
Carrot(Local),2019-12,89.92
Carrot(Local),2020-01,52.39
Carrot(Local),2020-02,32.84
Carrot(Local),2020-03,33.5
Carrot(Local),2020-04,30.98
Carrot(Local),2020-05,25.08
Carrot(Local),2020-06,35.95
Carrot(Local),2020-07,55.67
Carrot(Local),2020-08,56.05
Carrot(Local),2020-09,49.75
Carrot(Local),2020-10,104.13
Carrot(Local),2020-11,75.17
Carrot(Local),2020-12,82.98
Carrot(Local),2021-01,85.97
Carrot(Local),2021-02,52.69
Carrot(Local),2021-03,52.75
Carrot(Local),2021-04,71.42
Carrot(Local),2021-05,50.97
Carrot(Local),2021-06,83.08
Carrot(Local),2021-07,112.41
Carrot(Local),2021-08,125.42
Carrot(Local),2021-09,131.0
Carrot(Local),2021-10,124.21
Carrot(Local),2021-11,120.33
Carrot(Local),2021-12,105.45
Carrot(Local),2022-01,64.03
Carrot(Local),2022-02,37.31
Carrot(Local),2022-03,28.08
Carrot(Local),2022-04,39.53
Carrot(Local),2022-05,69.97
Carrot(Local),2022-06,88.62
Carrot(Local),2022-07,111.97
Carrot(Local),2022-08,123.43
Carrot(Local),2022-09,126.95
Carrot(Local),2022-10,124.87
Carrot(Local),2022-11,117.67
Carrot(Local),2022-12,66.9
Carrot(Local),2023-01,42.42
Carrot(Local),2023-02,25.2
Carrot(Local),2023-03,30.8
Carrot(Local),2023-04,60.0
Carrot(Local),2023-05,72.9
Carrot(Local),2023-06,105.82
Carrot(Local),2023-07,106.65
Carrot(Local),2023-08,112.12
Carrot(Local),2023-09,128.47
Cauli Local,2013-06,26.55
Cauli Local,2013-07,51.0
Cauli Local,2013-08,56.95
Cauli Local,2013-09,44.44
Cauli Local,2013-10,48.37
Cauli Local,2013-11,56.61
Cauli Local,2013-12,40.88
Cauli Local,2014-01,23.6
Cauli Local,2014-02,29.48
Cauli Local,2014-03,24.35
Cauli Local,2014-04,30.82
Cauli Local,2014-05,43.5
Cauli Local,2014-06,41.26
Cauli Local,2014-07,43.55
Cauli Local,2014-08,43.3
Cauli Local,2014-09,57.2
Cauli Local,2014-10,47.32
Cauli Local,2014-11,26.74
Cauli Local,2014-12,36.67
Cauli Local,2015-01,25.58
Cauli Local,2015-02,21.97
Cauli Local,2015-03,18.36
Cauli Local,2015-04,27.6
Cauli Local,2015-05,21.21
Cauli Local,2015-06,47.28
Cauli Local,2015-07,53.89
Cauli Local,2015-08,46.81
Cauli Local,2015-09,49.58
Cauli Local,2015-10,42.6
Cauli Local,2015-11,26.22
Cauli Local,2015-12,35.53
Cauli Local,2016-01,28.03
Cauli Local,2016-02,27.33
Cauli Local,2016-03,36.34
Cauli Local,2016-04,57.08
Cauli Local,2016-05,62.42
Cauli Local,2016-06,43.15
Cauli Local,2016-07,58.87
Cauli Local,2016-08,55.13
Cauli Local,2016-09,75.45
Cauli Local,2016-10,67.67
Cauli Local,2016-11,67.78
Cauli Local,2016-12,33.76
Cauli Local,2017-01,27.92
Cauli Local,2017-02,18.72
Cauli Local,2017-03,22.52
Cauli Local,2017-04,28.55
Cauli Local,2017-05,45.17
Cauli Local,2017-06,62.38
Cauli Local,2017-07,58.47
Cauli Local,2017-08,67.58
Cauli Local,2017-09,74.28
Cauli Local,2017-10,65.45
Cauli Local,2017-11,63.5
Cauli Local,2017-12,29.29
Cauli Local,2018-01,35.8
Cauli Local,2018-02,40.05
Cauli Local,2018-03,39.07
Cauli Local,2018-04,50.83
Cauli Local,2018-05,35.02
Cauli Local,2018-06,70.55
Cauli Local,2018-07,50.56
Cauli Local,2018-08,79.19
Cauli Local,2018-09,94.55
Cauli Local,2018-10,57.66
Cauli Local,2018-11,23.83
Cauli Local,2018-12,33.39
Cauli Local,2019-01,28.48
Cauli Local,2019-02,18.45
Cauli Local,2019-03,20.24
Cauli Local,2019-04,34.53
Cauli Local,2019-05,61.94
Cauli Local,2019-06,79.42
Cauli Local,2019-07,74.6
Cauli Local,2019-08,80.31
Cauli Local,2019-09,80.5
Cauli Local,2019-10,85.52
Cauli Local,2019-11,89.83
Cauli Local,2019-12,84.2
Cauli Local,2020-01,47.82
Cauli Local,2020-02,25.46
Cauli Local,2020-03,29.79
Cauli Local,2020-04,22.56
Cauli Local,2020-05,19.32
Cauli Local,2020-06,29.29
Cauli Local,2020-07,68.47
Cauli Local,2020-08,83.33
Cauli Local,2020-09,84.32
Cauli Local,2020-10,83.38
Cauli Local,2020-11,66.88
Cauli Local,2020-12,33.06
Cauli Local,2021-01,24.88
Cauli Local,2021-02,32.14
Cauli Local,2021-03,41.0
Cauli Local,2021-04,58.33
Cauli Local,2021-05,32.74
Cauli Local,2021-06,61.75
Cauli Local,2021-07,77.5
Cauli Local,2021-08,74.0
Cauli Local,2021-09,79.4
Cauli Local,2021-10,76.67
Cauli Local,2021-11,62.14
Cauli Local,2021-12,42.18
Cauli Local,2022-01,35.08
Cauli Local,2022-02,45.28
Cauli Local,2022-03,24.62
Cauli Local,2022-04,51.37
Cauli Local,2022-05,55.2
Cauli Local,2022-06,60.09
Cauli Local,2022-07,77.32
Cauli Local,2022-08,83.08
Cauli Local,2022-09,83.92
Cauli Local,2022-10,64.52
Cauli Local,2022-11,41.78
Cauli Local,2022-12,31.34
Cauli Local,2023-01,46.29
Cauli Local,2023-02,22.44
Cauli Local,2023-03,47.52
Cauli Local,2023-04,41.02
Cauli Local,2023-05,62.47
Cauli Local,2023-06,65.64
Cauli Local,2023-07,71.94
Cauli Local,2023-08,71.43
Cauli Local,2023-09,89.48
Chilli Dry,2013-09,185.0
Chilli Dry,2013-11,194.72
Chilli Dry,2013-12,222.08
Chilli Dry,2014-01,235.0
Chilli Dry,2014-02,233.04
Chilli Dry,2014-03,218.1
Chilli Dry,2014-04,195.53
Chilli Dry,2014-05,207.73
Chilli Dry,2014-06,192.14
Chilli Dry,2014-07,195.4
Chilli Dry,2014-08,218.1
Chilli Dry,2014-09,205.54
Chilli Dry,2014-10,185.56
Chilli Dry,2014-11,209.83
Chilli Dry,2014-12,210.83
Chilli Dry,2015-01,196.92
Chilli Dry,2015-02,192.0
Chilli Dry,2015-03,196.44
Chilli Dry,2015-04,195.56
Chilli Dry,2015-05,195.0
Chilli Dry,2015-06,208.5
Chilli Dry,2015-07,205.32
Chilli Dry,2015-08,205.32
Chilli Dry,2015-09,223.17
Chilli Dry,2015-10,261.0
Chilli Dry,2015-11,275.0
Chilli Dry,2015-12,275.0
Chilli Dry,2016-01,275.0
Chilli Dry,2016-02,275.0
Chilli Dry,2016-03,275.0
Chilli Dry,2016-04,275.0
Chilli Dry,2016-05,274.92
Chilli Dry,2016-06,275.0
Chilli Dry,2016-07,275.0
Chilli Dry,2016-08,274.84
Chilli Dry,2016-09,275.0
Chilli Dry,2016-10,275.0
Chilli Dry,2016-11,275.0
Chilli Dry,2016-12,275.0
Chilli Dry,2017-01,275.48
Chilli Dry,2017-02,275.0
Chilli Dry,2017-03,275.0
Chilli Dry,2017-04,266.67
Chilli Dry,2017-05,266.83
Chilli Dry,2017-06,265.0
Chilli Dry,2017-07,205.0
Chilli Dry,2017-08,195.0
Chilli Dry,2017-09,195.0
Chilli Dry,2017-10,195.0
Chilli Dry,2017-11,195.0
Chilli Dry,2017-12,195.0
Chilli Dry,2018-01,195.0
Chilli Dry,2018-02,195.0
Chilli Dry,2018-03,196.33
Chilli Dry,2018-04,195.0
Chilli Dry,2018-05,195.0
Chilli Dry,2018-06,195.0
Chilli Dry,2018-07,195.0
Chilli Dry,2018-08,221.13
Chilli Dry,2018-09,241.0
Chilli Dry,2018-10,215.0
Chilli Dry,2018-11,215.0
Chilli Dry,2018-12,214.68
Chilli Dry,2019-01,215.48
Chilli Dry,2019-02,215.0
Chilli Dry,2019-03,215.5
Chilli Dry,2019-04,215.0
Chilli Dry,2019-05,230.48
Chilli Dry,2019-06,245.0
Chilli Dry,2019-07,245.0
Chilli Dry,2019-08,260.0
Chilli Dry,2019-09,320.34
Chilli Dry,2019-10,345.0
Chilli Dry,2019-11,345.0
Chilli Dry,2019-12,371.61
Chilli Dry,2020-01,395.0
Chilli Dry,2020-02,395.0
Chilli Dry,2020-03,346.72
Chilli Dry,2020-04,361.67
Chilli Dry,2020-05,382.1
Chilli Dry,2020-06,324.0
Chilli Dry,2020-07,295.0
Chilli Dry,2020-08,295.0
Chilli Dry,2020-09,292.0
Chilli Dry,2020-10,341.45
Chilli Dry,2020-11,356.67
Chilli Dry,2020-12,342.58
Chilli Dry,2021-01,322.42
Chilli Dry,2021-02,325.0
Chilli Dry,2021-03,310.67
Chilli Dry,2021-04,312.0
Chilli Dry,2021-05,327.9
Chilli Dry,2021-06,315.67
Chilli Dry,2021-07,311.13
Chilli Dry,2021-08,310.0
Chilli Dry,2021-09,310.0
Chilli Dry,2021-10,310.0
Chilli Dry,2021-11,307.17
Chilli Dry,2021-12,304.17
Chilli Dry,2022-01,309.03
Chilli Dry,2022-02,331.85
Chilli Dry,2022-03,378.17
Chilli Dry,2022-04,375.17
Chilli Dry,2022-05,375.17
Chilli Dry,2022-06,375.22
Chilli Dry,2022-07,390.38
Chilli Dry,2022-08,423.17
Chilli Dry,2022-09,429.67
Chilli Dry,2022-10,416.24
Chilli Dry,2022-11,428.45
Chilli Dry,2022-12,438.98
Chilli Dry,2023-01,443.58
Chilli Dry,2023-02,428.39
Chilli Dry,2023-03,442.06
Chilli Dry,2023-04,464.94
Chilli Dry,2023-05,464.57
Chilli Dry,2023-06,464.83
Chilli Dry,2023-07,465.0
Chilli Dry,2023-08,465.0
Chilli Green,2013-06,44.0
Chilli Green,2013-07,39.42
Chilli Green,2013-08,52.88
Chilli Green,2013-09,74.1
Chilli Green,2013-10,72.69
Chilli Green,2013-11,48.27
Chilli Green,2013-12,44.91
Chilli Green,2014-01,46.42
Chilli Green,2014-02,54.59
Chilli Green,2014-03,72.84
Chilli Green,2014-04,50.76
Chilli Green,2014-05,57.16
Chilli Green,2014-06,44.02
Chilli Green,2014-07,48.95
Chilli Green,2014-08,57.15
Chilli Green,2014-09,73.48
Chilli Green,2014-10,74.29
Chilli Green,2014-11,49.57
Chilli Green,2014-12,41.46
Chilli Green,2015-01,44.63
Chilli Green,2015-02,44.22
Chilli Green,2015-03,61.87
Chilli Green,2015-04,52.87
Chilli Green,2015-05,42.29
Chilli Green,2015-06,39.82
Chilli Green,2015-07,59.03
Chilli Green,2015-08,44.41
Chilli Green,2015-09,44.56
Chilli Green,2015-10,51.19
Chilli Green,2015-11,46.45
Chilli Green,2015-12,44.23
Chilli Green,2016-01,46.33
Chilli Green,2016-02,51.93
Chilli Green,2016-03,70.74
Chilli Green,2016-04,66.27
Chilli Green,2016-05,93.03
Chilli Green,2016-06,46.81
Chilli Green,2016-07,92.71
Chilli Green,2016-08,89.35
Chilli Green,2016-09,82.92
Chilli Green,2016-10,66.61
Chilli Green,2016-11,50.42
Chilli Green,2016-12,43.68
Chilli Green,2017-01,47.18
Chilli Green,2017-02,49.26
Chilli Green,2017-03,60.97
Chilli Green,2017-04,45.58
Chilli Green,2017-05,53.38
Chilli Green,2017-06,48.72
Chilli Green,2017-07,44.6
Chilli Green,2017-08,50.89
Chilli Green,2017-09,62.59
Chilli Green,2017-10,86.9
Chilli Green,2017-11,57.83
Chilli Green,2017-12,69.06
Chilli Green,2018-01,64.74
Chilli Green,2018-02,84.29
Chilli Green,2018-03,77.93
Chilli Green,2018-04,57.33
Chilli Green,2018-05,51.69
Chilli Green,2018-06,55.88
Chilli Green,2018-07,82.41
Chilli Green,2018-08,63.95
Chilli Green,2018-09,71.83
Chilli Green,2018-10,78.5
Chilli Green,2018-11,50.08
Chilli Green,2018-12,44.84
Chilli Green,2019-01,49.56
Chilli Green,2019-02,51.7
Chilli Green,2019-03,70.5
Chilli Green,2019-04,83.12
Chilli Green,2019-05,85.65
Chilli Green,2019-06,77.29
Chilli Green,2019-07,61.92
Chilli Green,2019-08,64.19
Chilli Green,2019-09,82.12
Chilli Green,2019-10,95.19
Chilli Green,2019-11,61.0
Chilli Green,2019-12,54.92
Chilli Green,2020-01,54.52
Chilli Green,2020-02,63.48
Chilli Green,2020-03,83.7
Chilli Green,2020-04,65.94
Chilli Green,2020-05,46.94
Chilli Green,2020-06,44.05
Chilli Green,2020-07,49.57
Chilli Green,2020-08,78.17
Chilli Green,2020-09,104.04
Chilli Green,2020-10,113.75
Chilli Green,2020-11,84.81
Chilli Green,2020-12,75.48
Chilli Green,2021-01,79.84
Chilli Green,2021-02,84.72
Chilli Green,2021-03,86.72
Chilli Green,2021-04,73.67
Chilli Green,2021-05,59.84
Chilli Green,2021-06,57.17
Chilli Green,2021-07,88.33
Chilli Green,2021-08,66.94
Chilli Green,2021-09,60.58
Chilli Green,2021-10,63.93
Chilli Green,2021-11,65.33
Chilli Green,2021-12,56.67
Chilli Green,2022-01,65.65
Chilli Green,2022-02,85.0
Chilli Green,2022-03,93.33
Chilli Green,2022-04,84.68
Chilli Green,2022-05,73.57
Chilli Green,2022-06,50.11
Chilli Green,2022-07,45.74
Chilli Green,2022-08,66.36
Chilli Green,2022-09,59.95
Chilli Green,2022-10,88.12
Chilli Green,2022-11,64.12
Chilli Green,2022-12,57.14
Chilli Green,2023-01,71.9
Chilli Green,2023-02,81.59
Chilli Green,2023-03,102.67
Chilli Green,2023-04,73.67
Chilli Green,2023-05,76.14
Chilli Green,2023-06,69.31
Chilli Green,2023-07,92.0
Chilli Green,2023-08,77.27
Chilli Green,2023-09,77.68
Coriander Green,2013-06,72.5
Coriander Green,2013-07,79.2
Coriander Green,2013-08,130.75
Coriander Green,2013-09,96.8
Coriander Green,2013-10,81.02
Coriander Green,2013-11,85.0
Coriander Green,2013-12,72.71
Coriander Green,2014-01,66.71
Coriander Green,2014-02,51.25
Coriander Green,2014-03,47.86
Coriander Green,2014-04,49.29
Coriander Green,2014-05,110.0
Coriander Green,2014-06,177.4
Coriander Green,2014-07,71.53
Coriander Green,2014-08,142.17
Coriander Green,2014-09,185.09
Coriander Green,2014-10,80.75
Coriander Green,2014-11,101.0
Coriander Green,2014-12,102.67
Coriander Green,2015-01,67.87
Coriander Green,2015-02,47.62
Coriander Green,2015-03,45.27
Coriander Green,2015-04,57.38
Coriander Green,2015-05,44.13
Coriander Green,2015-06,103.42
Coriander Green,2015-07,156.46
Coriander Green,2015-08,67.26
Coriander Green,2015-09,99.33
Coriander Green,2015-10,140.0
Coriander Green,2015-11,84.0
Coriander Green,2015-12,88.23
Coriander Green,2016-01,89.52
Coriander Green,2016-02,81.21
Coriander Green,2016-03,53.89
Coriander Green,2016-04,125.33
Coriander Green,2016-05,154.03
Coriander Green,2016-06,70.0
Coriander Green,2016-07,147.26
Coriander Green,2016-08,279.12
Coriander Green,2016-09,176.72
Coriander Green,2016-10,136.29
Coriander Green,2016-11,166.54
Coriander Green,2016-12,92.1
Coriander Green,2017-01,69.68
Coriander Green,2017-02,51.36
Coriander Green,2017-03,56.36
Coriander Green,2017-04,66.42
Coriander Green,2017-05,79.58
Coriander Green,2017-06,96.0
Coriander Green,2017-07,135.0
Coriander Green,2017-08,198.67
Coriander Green,2017-09,167.76
Coriander Green,2017-10,143.39
Coriander Green,2017-11,225.5
Coriander Green,2017-12,89.58
Coriander Green,2018-01,84.67
Coriander Green,2018-02,60.8
Coriander Green,2018-03,62.95
Coriander Green,2018-04,105.0
Coriander Green,2018-05,92.9
Coriander Green,2018-06,85.67
Coriander Green,2018-07,204.5
Coriander Green,2018-08,276.67
Coriander Green,2018-09,193.33
Coriander Green,2018-10,95.97
Coriander Green,2018-11,96.17
Coriander Green,2018-12,134.19
Coriander Green,2019-01,127.1
Coriander Green,2019-02,65.27
Coriander Green,2019-03,49.22
Coriander Green,2019-04,53.42
Coriander Green,2019-05,132.26
Coriander Green,2019-06,246.6
Coriander Green,2019-07,175.56
Coriander Green,2019-08,160.34
Coriander Green,2019-09,213.25
Coriander Green,2019-10,282.78
Coriander Green,2019-11,176.83
Coriander Green,2019-12,79.35
Coriander Green,2020-01,74.11
Coriander Green,2020-02,54.91
Coriander Green,2020-03,57.02
Coriander Green,2020-04,48.98
Coriander Green,2020-05,51.14
Coriander Green,2020-06,86.15
Coriander Green,2020-07,287.5
Coriander Green,2020-08,145.52
Coriander Green,2020-09,138.67
Coriander Green,2020-10,235.88
Coriander Green,2020-11,191.33
Coriander Green,2020-12,130.48
Coriander Green,2021-01,91.77
Coriander Green,2021-02,87.86
Coriander Green,2021-03,61.21
Coriander Green,2021-04,87.33
Coriander Green,2021-05,75.36
Coriander Green,2021-06,70.34
Coriander Green,2021-07,211.03
Coriander Green,2021-08,199.05
Coriander Green,2021-09,305.95
Coriander Green,2021-10,189.68
Coriander Green,2021-11,128.67
Coriander Green,2021-12,132.58
Coriander Green,2022-01,71.0
Coriander Green,2022-02,77.8
Coriander Green,2022-03,57.59
Coriander Green,2022-04,242.8
Coriander Green,2022-05,206.22
Coriander Green,2022-06,75.66
Coriander Green,2022-07,101.76
Coriander Green,2022-08,282.91
Coriander Green,2022-09,222.12
Coriander Green,2022-10,147.83
Coriander Green,2022-11,150.52
Coriander Green,2022-12,92.09
Coriander Green,2023-01,103.03
Coriander Green,2023-02,52.07
Coriander Green,2023-03,46.65
Coriander Green,2023-04,45.71
Coriander Green,2023-05,80.32
Coriander Green,2023-06,206.29
Coriander Green,2023-07,160.74
Coriander Green,2023-08,173.19
Coriander Green,2023-09,127.77
Cucumber(Local),2013-06,30.14
Cucumber(Local),2013-07,30.52
Cucumber(Local),2013-08,27.5
Cucumber(Local),2013-09,36.2
Cucumber(Local),2013-10,50.28
Cucumber(Local),2013-11,35.79
Cucumber(Local),2013-12,38.38
Cucumber(Local),2014-01,42.35
Cucumber(Local),2014-02,28.27
Cucumber(Local),2014-03,59.2
Cucumber(Local),2014-04,40.83
Cucumber(Local),2014-05,42.02
Cucumber(Local),2014-06,50.3
Cucumber(Local),2014-07,53.47
Cucumber(Local),2014-08,48.88
Cucumber(Local),2014-09,38.12
Cucumber(Local),2014-10,46.07
Cucumber(Local),2014-11,36.09
Cucumber(Local),2014-12,32.0
Cucumber(Local),2015-01,32.5
Cucumber(Local),2015-02,55.7
Cucumber(Local),2015-03,46.1
Cucumber(Local),2015-04,43.55
Cucumber(Local),2015-05,33.94
Cucumber(Local),2015-06,54.47
Cucumber(Local),2015-07,57.53
Cucumber(Local),2015-08,38.39
Cucumber(Local),2015-09,39.5
Cucumber(Local),2015-10,65.13
Cucumber(Local),2015-11,77.5
Cucumber(Local),2015-12,81.37
Cucumber(Local),2016-01,84.17
Cucumber(Local),2016-02,52.6
Cucumber(Local),2016-03,73.45
Cucumber(Local),2016-04,72.08
Cucumber(Local),2016-05,57.5
Cucumber(Local),2016-06,46.5
Cucumber(Local),2016-07,51.85
Cucumber(Local),2016-08,43.52
Cucumber(Local),2016-09,54.63
Cucumber(Local),2016-10,60.32
Cucumber(Local),2016-11,59.05
Cucumber(Local),2016-12,48.61
Cucumber(Local),2017-01,31.0
Cucumber(Local),2017-02,37.13
Cucumber(Local),2017-03,49.83
Cucumber(Local),2017-04,60.5
Cucumber(Local),2017-05,53.83
Cucumber(Local),2017-06,56.83
Cucumber(Local),2017-07,50.4
Cucumber(Local),2017-08,51.05
Cucumber(Local),2017-09,53.79
Cucumber(Local),2017-10,61.45
Cucumber(Local),2017-11,42.28
Cucumber(Local),2017-12,45.83
Cucumber(Local),2018-01,38.88
Cucumber(Local),2018-02,49.96
Cucumber(Local),2018-03,58.75
Cucumber(Local),2018-04,60.75
Cucumber(Local),2018-05,46.94
Cucumber(Local),2018-06,61.33
Cucumber(Local),2018-07,53.39
Cucumber(Local),2018-08,36.29
Cucumber(Local),2018-09,53.67
Cucumber(Local),2018-10,59.19
Cucumber(Local),2018-11,57.33
Cucumber(Local),2018-12,36.43
Cucumber(Local),2019-01,63.71
Cucumber(Local),2019-02,75.18
Cucumber(Local),2019-03,55.75
Cucumber(Local),2019-04,63.42
Cucumber(Local),2019-05,45.0
Cucumber(Local),2019-06,52.5
Cucumber(Local),2019-07,76.05
Cucumber(Local),2019-08,67.82
Cucumber(Local),2019-09,61.58
Cucumber(Local),2019-10,65.17
Cucumber(Local),2019-11,104.0
Cucumber(Local),2019-12,78.79
Cucumber(Local),2020-01,112.78
Cucumber(Local),2020-02,114.06
Cucumber(Local),2020-03,70.0
Cucumber(Local),2020-04,32.68
Cucumber(Local),2020-05,29.74
Cucumber(Local),2020-06,41.72
Cucumber(Local),2020-07,43.7
Cucumber(Local),2020-08,39.75
Cucumber(Local),2020-09,46.06
Cucumber(Local),2020-10,63.7
Cucumber(Local),2020-11,83.4
Cucumber(Local),2020-12,81.29
Cucumber(Local),2021-01,89.91
Cucumber(Local),2021-02,105.0
Cucumber(Local),2021-03,86.92
Cucumber(Local),2021-04,82.5
Cucumber(Local),2021-05,57.33
Cucumber(Local),2021-06,60.75
Cucumber(Local),2021-07,49.4
Cucumber(Local),2021-08,37.72
Cucumber(Local),2021-09,53.83
Cucumber(Local),2021-10,67.42
Cucumber(Local),2021-11,57.92
Cucumber(Local),2021-12,77.04
Cucumber(Local),2022-01,95.32
Cucumber(Local),2022-02,103.5
Cucumber(Local),2022-03,81.52
Cucumber(Local),2022-04,47.9
Cucumber(Local),2022-05,44.36
Cucumber(Local),2022-06,63.73
Cucumber(Local),2022-07,86.8
Cucumber(Local),2022-08,81.0
Cucumber(Local),2022-09,69.37
Cucumber(Local),2022-10,70.47
Cucumber(Local),2022-11,82.39
Cucumber(Local),2022-12,53.0
Cucumber(Local),2023-01,77.65
Cucumber(Local),2023-02,80.48
Cucumber(Local),2023-03,70.8
Cucumber(Local),2023-04,77.0
Cucumber(Local),2023-05,101.08
Cucumber(Local),2023-06,86.17
Cucumber(Local),2023-07,74.83
Cucumber(Local),2023-08,59.15
Cucumber(Local),2023-09,86.72
French Bean(Local),2013-06,36.15
French Bean(Local),2013-07,36.36
French Bean(Local),2013-08,53.33
French Bean(Local),2013-09,50.91
French Bean(Local),2013-10,49.69
French Bean(Local),2013-11,48.6
French Bean(Local),2013-12,51.56
French Bean(Local),2014-01,49.38
French Bean(Local),2014-02,52.15
French Bean(Local),2014-03,42.45
French Bean(Local),2014-04,42.33
French Bean(Local),2014-05,49.2
French Bean(Local),2014-06,37.92
French Bean(Local),2014-07,49.32
French Bean(Local),2014-08,41.84
French Bean(Local),2014-09,56.52
French Bean(Local),2014-10,46.34
French Bean(Local),2014-11,42.27
French Bean(Local),2014-12,49.63
French Bean(Local),2015-01,44.2
French Bean(Local),2015-02,45.7
French Bean(Local),2015-03,56.7
French Bean(Local),2015-04,42.04
French Bean(Local),2015-05,37.4
French Bean(Local),2015-06,38.93
French Bean(Local),2015-07,62.65
French Bean(Local),2015-08,56.03
French Bean(Local),2015-09,35.59
French Bean(Local),2015-10,49.07
French Bean(Local),2015-11,44.45
French Bean(Local),2015-12,56.94
French Bean(Local),2016-01,61.61
French Bean(Local),2016-02,66.43
French Bean(Local),2016-03,61.12
French Bean(Local),2016-04,86.33
French Bean(Local),2016-05,82.5
French Bean(Local),2016-06,41.86
French Bean(Local),2016-07,57.02
French Bean(Local),2016-08,51.53
French Bean(Local),2016-09,86.96
French Bean(Local),2016-10,47.5
French Bean(Local),2016-11,65.08
French Bean(Local),2016-12,72.87
French Bean(Local),2017-01,41.44
French Bean(Local),2017-02,41.39
French Bean(Local),2017-03,51.83
French Bean(Local),2017-04,64.0
French Bean(Local),2017-05,47.02
French Bean(Local),2017-06,35.47
French Bean(Local),2017-07,53.31
French Bean(Local),2017-08,78.79
French Bean(Local),2017-09,49.48
French Bean(Local),2017-10,75.53
French Bean(Local),2017-11,76.17
French Bean(Local),2017-12,49.39
French Bean(Local),2018-01,74.25
French Bean(Local),2018-02,86.17
French Bean(Local),2018-03,64.58
French Bean(Local),2018-04,60.6
French Bean(Local),2018-05,41.13
French Bean(Local),2018-06,59.0
French Bean(Local),2018-07,63.71
French Bean(Local),2018-08,88.55
French Bean(Local),2018-09,92.79
French Bean(Local),2018-10,54.33
French Bean(Local),2018-11,43.15
French Bean(Local),2018-12,54.6
French Bean(Local),2019-01,75.24
French Bean(Local),2019-02,67.77
French Bean(Local),2019-03,65.65
French Bean(Local),2019-04,68.17
French Bean(Local),2019-05,58.55
French Bean(Local),2019-06,66.92
French Bean(Local),2019-07,90.36
French Bean(Local),2019-08,55.24
French Bean(Local),2019-09,63.79
French Bean(Local),2019-10,59.4
French Bean(Local),2019-11,82.06
French Bean(Local),2019-12,85.87
French Bean(Local),2020-01,84.73
French Bean(Local),2020-02,75.1
French Bean(Local),2020-03,62.39
French Bean(Local),2020-04,38.33
French Bean(Local),2020-05,37.63
French Bean(Local),2020-06,37.33
French Bean(Local),2020-07,67.08
French Bean(Local),2020-08,98.75
French Bean(Local),2020-09,93.12
French Bean(Local),2020-10,61.35
French Bean(Local),2020-11,63.8
French Bean(Local),2020-12,58.44
French Bean(Local),2021-01,53.39
French Bean(Local),2021-02,74.64
French Bean(Local),2021-03,69.5
French Bean(Local),2021-04,82.78
French Bean(Local),2021-05,44.62
French Bean(Local),2021-06,63.79
French Bean(Local),2021-07,76.48
French Bean(Local),2021-08,46.98
French Bean(Local),2021-09,87.73
French Bean(Local),2021-10,68.19
French Bean(Local),2021-11,83.18
French Bean(Local),2021-12,59.23
French Bean(Local),2022-01,86.96
French Bean(Local),2022-02,72.78
French Bean(Local),2022-03,65.34
French Bean(Local),2022-04,63.95
French Bean(Local),2022-05,45.81
French Bean(Local),2022-06,51.09
French Bean(Local),2022-07,72.96
French Bean(Local),2022-08,69.69
French Bean(Local),2022-09,70.45
French Bean(Local),2022-10,61.5
French Bean(Local),2022-11,63.9
French Bean(Local),2022-12,78.78
French Bean(Local),2023-01,67.6
French Bean(Local),2023-02,68.55
French Bean(Local),2023-03,65.0
French Bean(Local),2023-04,55.25
French Bean(Local),2023-05,66.59
French Bean(Local),2023-06,58.7
French Bean(Local),2023-07,62.86
French Bean(Local),2023-08,64.85
French Bean(Local),2023-09,70.02
Garlic Dry Chinese,2013-06,105.0
Garlic Dry Chinese,2013-09,115.28
Garlic Dry Chinese,2013-10,106.14
Garlic Dry Chinese,2013-11,103.21
Garlic Dry Chinese,2013-12,104.17
Garlic Dry Chinese,2014-01,102.5
Garlic Dry Chinese,2014-03,111.59
Garlic Dry Chinese,2014-04,110.76
Garlic Dry Chinese,2014-05,102.62
Garlic Dry Chinese,2014-06,105.0
Garlic Dry Chinese,2014-07,106.74
Garlic Dry Chinese,2014-08,111.87
Garlic Dry Chinese,2014-09,109.98
Garlic Dry Chinese,2014-10,120.93
Garlic Dry Chinese,2014-11,118.23
Garlic Dry Chinese,2014-12,121.6
Garlic Dry Chinese,2015-01,121.83
Garlic Dry Chinese,2015-02,132.54
Garlic Dry Chinese,2015-03,132.5
Garlic Dry Chinese,2015-04,133.07
Garlic Dry Chinese,2015-05,136.42
Garlic Dry Chinese,2015-06,135.77
Garlic Dry Chinese,2015-07,152.98
Garlic Dry Chinese,2015-08,166.55
Garlic Dry Chinese,2015-09,174.07
Garlic Dry Chinese,2015-10,182.34
Garlic Dry Chinese,2015-11,177.67
Garlic Dry Chinese,2015-12,224.27
Garlic Dry Chinese,2016-01,256.05
Garlic Dry Chinese,2016-02,248.1
Garlic Dry Chinese,2016-03,245.0
Garlic Dry Chinese,2016-04,285.75
Garlic Dry Chinese,2016-05,280.48
Garlic Dry Chinese,2016-06,312.08
Garlic Dry Chinese,2016-07,315.0
Garlic Dry Chinese,2016-08,302.26
Garlic Dry Chinese,2016-09,294.33
Garlic Dry Chinese,2016-10,305.0
Garlic Dry Chinese,2016-11,323.0
Garlic Dry Chinese,2016-12,336.38
Garlic Dry Chinese,2017-01,345.0
Garlic Dry Chinese,2017-02,345.0
Garlic Dry Chinese,2017-03,298.28
Garlic Dry Chinese,2017-04,300.69
Garlic Dry Chinese,2017-06,271.04
Garlic Dry Chinese,2017-07,195.0
Garlic Dry Chinese,2017-08,180.16
Garlic Dry Chinese,2017-09,175.0
Garlic Dry Chinese,2017-10,175.0
Garlic Dry Chinese,2017-11,164.33
Garlic Dry Chinese,2017-12,146.56
Garlic Dry Chinese,2018-01,161.0
Garlic Dry Chinese,2018-02,175.8
Garlic Dry Chinese,2018-03,186.67
Garlic Dry Chinese,2018-04,149.0
Garlic Dry Chinese,2018-05,132.74
Garlic Dry Chinese,2018-06,127.33
Garlic Dry Chinese,2018-07,129.52
Garlic Dry Chinese,2018-08,125.0
Garlic Dry Chinese,2018-09,125.0
Garlic Dry Chinese,2018-10,125.0
Garlic Dry Chinese,2018-11,125.0
Garlic Dry Chinese,2018-12,128.87
Garlic Dry Chinese,2019-01,155.0
Garlic Dry Chinese,2019-02,159.29
Garlic Dry Chinese,2019-03,176.03
Garlic Dry Chinese,2019-04,176.0
Garlic Dry Chinese,2019-05,175.0
Garlic Dry Chinese,2019-06,196.25
Garlic Dry Chinese,2019-07,231.77
Garlic Dry Chinese,2019-08,233.71
Garlic Dry Chinese,2019-09,196.0
Garlic Dry Chinese,2019-10,195.0
Garlic Dry Chinese,2019-11,195.0
Garlic Dry Chinese,2019-12,202.74
Garlic Dry Chinese,2020-01,237.86
Garlic Dry Chinese,2020-03,335.0
Garlic Dry Chinese,2020-04,336.5
Garlic Dry Chinese,2020-05,305.45
Garlic Dry Chinese,2020-06,161.83
Garlic Dry Chinese,2020-07,188.33
Garlic Dry Chinese,2020-08,175.32
Garlic Dry Chinese,2020-09,169.0
Garlic Dry Chinese,2020-10,165.89
Garlic Dry Chinese,2020-11,164.75
Garlic Dry Chinese,2020-12,172.83
Garlic Dry Chinese,2021-01,229.33
Garlic Dry Chinese,2021-02,255.91
Garlic Dry Chinese,2021-03,173.5
Garlic Dry Chinese,2021-04,151.33
Garlic Dry Chinese,2021-05,225.89
Garlic Dry Chinese,2021-06,191.83
Garlic Dry Chinese,2021-07,213.87
Garlic Dry Chinese,2021-08,207.1
Garlic Dry Chinese,2021-09,207.24
Garlic Dry Chinese,2021-10,242.58
Garlic Dry Chinese,2021-11,229.5
Garlic Dry Chinese,2021-12,275.71
Garlic Dry Chinese,2022-01,280.48
Garlic Dry Chinese,2022-02,230.56
Garlic Dry Chinese,2022-03,168.0
Garlic Dry Chinese,2022-04,185.0
Garlic Dry Chinese,2022-05,170.2
Garlic Dry Chinese,2022-06,160.18
Garlic Dry Chinese,2022-07,155.58
Garlic Dry Chinese,2022-08,177.43
Garlic Dry Chinese,2022-09,209.36
Garlic Dry Chinese,2022-10,166.72
Garlic Dry Chinese,2022-11,157.76
Garlic Dry Chinese,2022-12,173.36
Garlic Dry Chinese,2023-01,180.98
Garlic Dry Chinese,2023-02,185.48
Garlic Dry Chinese,2023-03,178.57
Garlic Dry Chinese,2023-04,181.17
Garlic Dry Chinese,2023-05,241.59
Garlic Dry Chinese,2023-06,229.73
Garlic Dry Chinese,2023-07,256.95
Garlic Dry Chinese,2023-08,260.81
Garlic Dry Chinese,2023-09,231.22
Garlic Green,2013-06,48.5
Garlic Green,2013-07,48.27
Garlic Green,2013-08,54.44
Garlic Green,2013-09,53.3
Garlic Green,2013-10,74.06
Garlic Green,2013-11,92.93
Garlic Green,2013-12,65.52
Garlic Green,2014-01,59.48
Garlic Green,2014-02,52.05
Garlic Green,2014-03,52.03
Garlic Green,2014-04,51.32
Garlic Green,2014-05,58.3
Garlic Green,2014-06,47.37
Garlic Green,2014-07,49.17
Garlic Green,2014-08,56.81
Garlic Green,2014-09,85.45
Garlic Green,2014-10,84.21
Garlic Green,2014-11,87.0
Garlic Green,2014-12,85.58
Garlic Green,2015-01,79.81
Garlic Green,2015-02,52.5
Garlic Green,2015-03,51.73
Garlic Green,2015-04,48.47
Garlic Green,2015-05,50.62
Garlic Green,2015-06,71.97
Garlic Green,2015-07,59.72
Garlic Green,2015-08,64.44
Garlic Green,2015-09,92.17
Garlic Green,2015-10,110.65
Garlic Green,2015-11,90.83
Garlic Green,2015-12,93.15
Garlic Green,2016-01,94.03
Garlic Green,2016-02,95.0
Garlic Green,2016-03,95.0
Garlic Green,2016-04,120.67
Garlic Green,2016-05,115.97
Garlic Green,2016-06,53.67
Garlic Green,2016-07,68.55
Garlic Green,2016-08,95.81
Garlic Green,2016-09,58.67
Garlic Green,2016-10,66.05
Garlic Green,2016-11,136.33
Garlic Green,2016-12,135.65
Garlic Green,2017-01,101.77
Garlic Green,2017-02,69.07
Garlic Green,2017-03,70.27
Garlic Green,2017-04,110.25
Garlic Green,2017-05,92.67
Garlic Green,2017-06,93.67
Garlic Green,2017-07,100.81
Garlic Green,2017-08,94.03
Garlic Green,2017-09,116.03
Garlic Green,2017-10,150.56
Garlic Green,2017-11,142.67
Garlic Green,2017-12,117.92
Garlic Green,2018-01,86.0
Garlic Green,2018-02,70.45
Garlic Green,2018-03,59.4
Garlic Green,2018-04,88.42
Garlic Green,2018-05,72.66
Garlic Green,2018-06,72.25
Garlic Green,2018-07,107.66
Garlic Green,2018-08,172.0
Garlic Green,2018-09,195.0
Garlic Green,2018-10,159.55
Garlic Green,2018-11,104.67
Garlic Green,2018-12,99.52
Garlic Green,2019-01,91.13
Garlic Green,2019-02,77.86
Garlic Green,2019-03,58.0
Garlic Green,2019-04,78.33
Garlic Green,2019-05,111.13
Garlic Green,2019-06,157.0
Garlic Green,2019-07,170.33
Garlic Green,2019-08,180.0
Garlic Green,2019-09,155.22
Garlic Green,2019-10,195.0
Garlic Green,2019-11,146.2
Garlic Green,2019-12,156.21
Garlic Green,2020-01,127.02
Garlic Green,2020-02,128.79
Garlic Green,2020-03,122.04
Garlic Green,2020-04,96.25
Garlic Green,2020-05,89.0
Garlic Green,2020-06,57.33
Garlic Green,2020-07,104.67
Garlic Green,2020-08,138.23
Garlic Green,2020-09,166.83
Garlic Green,2020-10,182.0
Garlic Green,2020-11,152.33
Garlic Green,2020-12,153.23
Garlic Green,2021-01,102.74
Garlic Green,2021-02,71.07
Garlic Green,2021-03,72.67
Garlic Green,2021-04,95.67
Garlic Green,2021-05,55.65
Garlic Green,2021-06,59.67
Garlic Green,2021-07,114.03
Garlic Green,2021-08,161.55
Garlic Green,2021-10,215.0
Garlic Green,2021-11,176.92
Garlic Green,2021-12,118.17
Garlic Green,2022-01,74.35
Garlic Green,2022-02,63.08
Garlic Green,2022-03,49.67
Garlic Green,2022-04,106.22
Garlic Green,2022-05,137.72
Garlic Green,2022-06,178.14
Garlic Green,2022-07,178.57
Garlic Green,2022-08,151.56
Garlic Green,2022-09,134.31
Garlic Green,2022-10,196.32
Garlic Green,2022-11,156.21
Garlic Green,2022-12,118.47
Garlic Green,2023-01,126.67
Garlic Green,2023-02,75.84
Garlic Green,2023-03,50.39
Garlic Green,2023-04,56.33
Garlic Green,2023-05,96.91
Garlic Green,2023-06,84.95
Garlic Green,2023-07,83.39
Garlic Green,2023-08,143.6
Garlic Green,2023-09,225.0
Ginger,2013-06,140.45
Ginger,2013-07,165.4
Ginger,2013-08,163.38
Ginger,2013-09,120.0
Ginger,2013-10,123.15
Ginger,2013-11,111.35
Ginger,2013-12,97.08
Ginger,2014-01,111.25
Ginger,2014-02,116.63
Ginger,2014-03,133.64
Ginger,2014-04,181.74
Ginger,2014-05,192.39
Ginger,2014-06,189.13
Ginger,2014-07,155.97
Ginger,2014-08,136.25
Ginger,2014-09,121.79
Ginger,2014-10,84.66
Ginger,2014-11,75.25
Ginger,2014-12,63.75
Ginger,2015-01,62.59
Ginger,2015-02,64.7
Ginger,2015-03,80.29
Ginger,2015-04,80.18
Ginger,2015-05,74.83
Ginger,2015-06,89.58
Ginger,2015-07,95.73
Ginger,2015-08,98.39
Ginger,2015-09,103.92
Ginger,2015-10,73.23
Ginger,2015-11,68.0
Ginger,2015-12,55.13
Ginger,2016-01,50.48
Ginger,2016-02,50.48
Ginger,2016-03,55.52
Ginger,2016-04,63.6
Ginger,2016-05,71.37
Ginger,2016-06,65.0
Ginger,2016-07,65.0
Ginger,2016-08,67.1
Ginger,2016-09,70.08
Ginger,2016-10,67.9
Ginger,2016-11,54.92
Ginger,2016-12,53.71
Ginger,2017-01,45.54
Ginger,2017-02,45.09
Ginger,2017-03,45.43
Ginger,2017-04,47.5
Ginger,2017-05,55.95
Ginger,2017-06,57.0
Ginger,2017-07,52.58
Ginger,2017-08,58.15
Ginger,2017-09,53.33
Ginger,2017-10,52.5
Ginger,2017-11,51.83
Ginger,2017-12,52.5
Ginger,2018-01,47.5
Ginger,2018-02,47.5
Ginger,2018-03,54.25
Ginger,2018-04,57.5
Ginger,2018-05,87.34
Ginger,2018-06,94.33
Ginger,2018-07,98.63
Ginger,2018-08,119.6
Ginger,2018-09,132.33
Ginger,2018-10,95.89
Ginger,2018-11,98.67
Ginger,2018-12,107.1
Ginger,2019-01,115.65
Ginger,2019-02,150.71
Ginger,2019-03,150.67
Ginger,2019-04,152.33
Ginger,2019-05,190.81
Ginger,2019-06,195.0
Ginger,2019-07,195.0
Ginger,2019-08,125.0
Ginger,2019-09,182.33
Ginger,2019-10,166.79
Ginger,2019-11,140.33
Ginger,2019-12,115.4
Ginger,2020-01,112.1
Ginger,2020-02,115.17
Ginger,2020-03,127.76
Ginger,2020-04,164.57
Ginger,2020-05,163.71
Ginger,2020-06,133.0
Ginger,2020-07,130.95
Ginger,2020-08,134.76
Ginger,2020-09,133.75
Ginger,2020-10,85.24
Ginger,2020-11,68.45
Ginger,2020-12,64.35
Ginger,2021-01,60.08
Ginger,2021-02,60.0
Ginger,2021-03,70.25
Ginger,2021-04,80.5
Ginger,2021-05,77.74
Ginger,2021-06,75.83
Ginger,2021-07,82.42
Ginger,2021-08,76.94
Ginger,2021-09,74.0
Ginger,2021-10,49.84
Ginger,2021-11,45.58
Ginger,2021-12,45.0
Ginger,2022-01,45.0
Ginger,2022-02,45.0
Ginger,2022-03,45.0
Ginger,2022-04,55.89
Ginger,2022-05,62.26
Ginger,2022-06,65.56
Ginger,2022-07,60.43
Ginger,2022-08,73.24
Ginger,2022-09,75.09
Ginger,2022-10,48.54
Ginger,2022-11,55.47
Ginger,2022-12,58.51
Ginger,2023-01,71.99
Ginger,2023-02,91.69
Ginger,2023-03,105.33
Ginger,2023-04,133.97
Ginger,2023-05,178.18
Ginger,2023-09,168.93
Lime,2013-06,300.0
Lime,2013-07,346.0
Lime,2013-08,353.33
Lime,2013-09,354.0
Lime,2013-10,360.37
Lime,2013-11,331.25
Lime,2013-12,350.0
Lime,2014-01,345.83
Lime,2014-02,356.52
Lime,2014-03,354.76
Lime,2014-04,391.67
Lime,2014-05,542.86
Lime,2014-06,424.0
Lime,2014-07,296.55
Lime,2014-08,355.0
Lime,2014-09,459.09
Lime,2014-10,482.35
Lime,2014-11,330.0
Lime,2014-12,330.0
Lime,2015-01,350.0
Lime,2015-02,350.0
Lime,2015-03,426.92
Lime,2015-04,527.68
Lime,2015-05,550.33
Lime,2015-06,568.97
Lime,2015-07,565.83
Lime,2015-08,444.35
Lime,2015-09,433.33
Lime,2015-10,432.26
Lime,2015-11,430.83
Lime,2015-12,425.83
Lime,2016-01,425.0
Lime,2016-02,425.0
Lime,2016-03,427.59
Lime,2016-04,430.0
Lime,2016-05,426.67
Lime,2016-06,425.0
Lime,2016-07,425.0
Lime,2016-08,425.0
Lime,2016-09,425.83
Lime,2016-10,425.0
Lime,2016-11,425.0
Lime,2016-12,425.81
Lime,2017-01,426.61
Lime,2017-02,425.0
Lime,2017-03,465.52
Lime,2017-04,575.0
Lime,2017-05,473.08
Lime,2017-06,490.0
Lime,2017-07,525.0
Lime,2017-08,516.95
Lime,2017-09,565.0
Lime,2017-10,533.33
Lime,2017-11,525.0
Lime,2017-12,500.0
Lime,2018-01,475.0
Lime,2018-02,430.56
Lime,2018-03,516.18
Lime,2018-04,230.29
Lime,2018-05,192.42
Lime,2018-06,165.0
Lime,2018-07,177.83
Lime,2018-08,179.35
Lime,2018-09,212.5
Lime,2018-10,186.45
Lime,2018-11,165.83
Lime,2018-12,155.81
Lime,2019-01,134.35
Lime,2019-02,128.7
Lime,2019-03,174.83
Lime,2019-04,252.93
Lime,2019-05,271.45
Lime,2019-06,266.33
Lime,2019-07,250.16
Lime,2019-08,267.76
Lime,2019-09,295.93
Lime,2019-10,249.19
Lime,2019-11,151.67
Lime,2019-12,111.77
Lime,2020-01,105.0
Lime,2020-02,112.93
Lime,2020-03,136.07
Lime,2020-04,255.0
Lime,2020-05,136.5
Lime,2020-06,118.75
Lime,2020-07,118.33
Lime,2020-08,174.83
Lime,2020-09,154.29
Lime,2020-10,144.64
Lime,2020-11,112.14
Lime,2020-12,162.5
Lime,2021-01,123.39
Lime,2021-02,139.55
Lime,2021-03,188.17
Lime,2021-04,250.83
Lime,2021-05,184.68
Lime,2021-06,108.61
Lime,2021-07,124.81
Lime,2021-08,131.61
Lime,2021-09,182.93
Lime,2021-10,164.19
Lime,2021-11,123.33
Lime,2021-12,106.5
Lime,2022-01,109.32
Lime,2022-02,114.2
Lime,2022-03,209.67
Lime,2022-04,365.06
Lime,2022-05,300.75
Lime,2022-06,158.6
Lime,2022-07,172.98
Lime,2022-08,229.86
Lime,2022-09,235.7
Lime,2022-10,185.44
Lime,2022-11,131.61
Lime,2022-12,111.38
Lime,2023-01,121.82
Lime,2023-02,158.73
Lime,2023-03,263.62
Lime,2023-04,240.5
Lime,2023-05,201.03
Lime,2023-06,164.46
Lime,2023-07,149.48
Lime,2023-08,145.31
Lime,2023-09,212.58
Mushroom(Kanya),2013-06,175.0
Mushroom(Kanya),2013-07,182.08
Mushroom(Kanya),2013-08,192.81
Mushroom(Kanya),2013-09,169.24
Mushroom(Kanya),2013-10,150.74
Mushroom(Kanya),2013-11,156.77
Mushroom(Kanya),2013-12,162.29
Mushroom(Kanya),2014-01,131.46
Mushroom(Kanya),2014-02,101.62
Mushroom(Kanya),2014-03,98.93
Mushroom(Kanya),2014-04,130.22
Mushroom(Kanya),2014-05,155.43
Mushroom(Kanya),2014-06,178.1
Mushroom(Kanya),2014-07,163.39
Mushroom(Kanya),2014-08,172.33
Mushroom(Kanya),2014-09,169.82
Mushroom(Kanya),2014-10,137.39
Mushroom(Kanya),2014-11,142.83
Mushroom(Kanya),2014-12,150.67
Mushroom(Kanya),2015-01,103.89
Mushroom(Kanya),2015-02,100.0
Mushroom(Kanya),2015-03,111.98
Mushroom(Kanya),2015-04,134.17
Mushroom(Kanya),2015-05,124.5
Mushroom(Kanya),2015-06,157.75
Mushroom(Kanya),2015-07,169.35
Mushroom(Kanya),2015-08,164.68
Mushroom(Kanya),2015-09,164.0
Mushroom(Kanya),2015-10,170.71
Mushroom(Kanya),2015-11,179.67
Mushroom(Kanya),2015-12,230.0
Mushroom(Kanya),2016-01,169.75
Mushroom(Kanya),2016-02,111.61
Mushroom(Kanya),2016-03,104.31
Mushroom(Kanya),2016-04,143.67
Mushroom(Kanya),2016-05,144.19
Mushroom(Kanya),2016-06,133.1
Mushroom(Kanya),2016-07,148.55
Mushroom(Kanya),2016-08,162.74
Mushroom(Kanya),2016-09,167.76
Mushroom(Kanya),2016-10,148.39
Mushroom(Kanya),2016-11,109.83
Mushroom(Kanya),2016-12,145.32
Mushroom(Kanya),2017-01,122.24
Mushroom(Kanya),2017-02,105.0
Mushroom(Kanya),2017-03,114.02
Mushroom(Kanya),2017-04,149.83
Mushroom(Kanya),2017-05,152.5
Mushroom(Kanya),2017-06,160.33
Mushroom(Kanya),2017-07,177.26
Mushroom(Kanya),2017-08,179.35
Mushroom(Kanya),2017-09,160.69
Mushroom(Kanya),2017-10,141.69
Mushroom(Kanya),2017-11,166.21
Mushroom(Kanya),2017-12,135.21
Mushroom(Kanya),2018-01,130.33
Mushroom(Kanya),2018-02,119.64
Mushroom(Kanya),2018-03,147.59
Mushroom(Kanya),2018-04,193.28
Mushroom(Kanya),2018-05,189.68
Mushroom(Kanya),2018-06,191.43
Mushroom(Kanya),2018-07,165.48
Mushroom(Kanya),2018-08,199.83
Mushroom(Kanya),2018-09,183.7
Mushroom(Kanya),2018-10,145.0
Mushroom(Kanya),2018-11,109.76
Mushroom(Kanya),2018-12,170.16
Mushroom(Kanya),2019-01,134.68
Mushroom(Kanya),2019-02,114.17
Mushroom(Kanya),2019-03,110.94
Mushroom(Kanya),2019-04,149.82
Mushroom(Kanya),2019-05,170.96
Mushroom(Kanya),2019-06,167.5
Mushroom(Kanya),2019-07,162.58
Mushroom(Kanya),2019-08,174.03
Mushroom(Kanya),2019-09,163.67
Mushroom(Kanya),2019-10,163.31
Mushroom(Kanya),2019-11,174.67
Mushroom(Kanya),2019-12,170.0
Mushroom(Kanya),2020-01,117.98
Mushroom(Kanya),2020-02,98.12
Mushroom(Kanya),2020-03,106.25
Mushroom(Kanya),2020-04,103.93
Mushroom(Kanya),2020-05,113.85
Mushroom(Kanya),2020-06,154.0
Mushroom(Kanya),2020-07,184.76
Mushroom(Kanya),2020-08,171.5
Mushroom(Kanya),2020-09,120.98
Mushroom(Kanya),2020-10,152.98
Mushroom(Kanya),2020-11,137.67
Mushroom(Kanya),2020-12,168.06
Mushroom(Kanya),2021-01,135.27
Mushroom(Kanya),2021-02,125.22
Mushroom(Kanya),2021-03,179.83
Mushroom(Kanya),2021-04,191.67
Mushroom(Kanya),2021-05,131.94
Mushroom(Kanya),2021-06,189.17
Mushroom(Kanya),2021-07,211.4
Mushroom(Kanya),2021-08,199.31
Mushroom(Kanya),2021-09,219.63
Mushroom(Kanya),2021-10,199.29
Mushroom(Kanya),2021-11,153.33
Mushroom(Kanya),2021-12,187.14
Mushroom(Kanya),2022-01,132.93
Mushroom(Kanya),2022-02,136.48
Mushroom(Kanya),2022-03,154.0
Mushroom(Kanya),2022-04,179.15
Mushroom(Kanya),2022-05,157.71
Mushroom(Kanya),2022-06,183.75
Mushroom(Kanya),2022-07,201.29
Mushroom(Kanya),2022-08,197.25
Mushroom(Kanya),2022-09,190.3
Mushroom(Kanya),2022-10,163.41
Mushroom(Kanya),2022-11,155.99
Mushroom(Kanya),2022-12,135.14
Mushroom(Kanya),2023-01,152.16
Mushroom(Kanya),2023-02,137.35
Mushroom(Kanya),2023-03,170.51
Mushroom(Kanya),2023-04,166.48
Mushroom(Kanya),2023-05,148.43
Mushroom(Kanya),2023-06,164.01
Mushroom(Kanya),2023-07,168.72
Mushroom(Kanya),2023-08,187.68
Mushroom(Kanya),2023-09,179.56
Okara,2013-06,40.31
Okara,2013-07,37.65
Okara,2013-08,43.03
Okara,2013-09,45.6
Okara,2013-10,62.19
Okara,2013-11,78.65
Okara,2013-12,84.69
Okara,2014-01,77.5
Okara,2014-02,99.72
Okara,2014-03,92.52
Okara,2014-04,62.39
Okara,2014-05,43.32
Okara,2014-06,36.62
Okara,2014-07,36.26
Okara,2014-08,35.95
Okara,2014-09,45.28
Okara,2014-10,65.17
Okara,2014-11,70.56
Okara,2014-12,75.25
Okara,2015-01,100.25
Okara,2015-02,97.5
Okara,2015-03,84.2
Okara,2015-04,60.27
Okara,2015-05,30.5
Okara,2015-06,35.8
Okara,2015-07,37.39
Okara,2015-08,40.81
Okara,2015-09,49.48
Okara,2015-10,73.58
Okara,2015-11,72.33
Okara,2015-12,77.62
Okara,2016-01,106.38
Okara,2016-02,93.1
Okara,2016-03,95.43
Okara,2016-04,69.88
Okara,2016-05,45.31
Okara,2016-06,40.28
Okara,2016-07,49.83
Okara,2016-08,38.5
Okara,2016-09,69.05
Okara,2016-10,77.61
Okara,2016-11,76.75
Okara,2016-12,84.92
Okara,2017-01,123.03
Okara,2017-02,103.06
Okara,2017-03,93.45
Okara,2017-04,56.3
Okara,2017-05,40.97
Okara,2017-06,38.02
Okara,2017-07,45.83
Okara,2017-08,64.71
Okara,2017-09,54.22
Okara,2017-10,80.83
Okara,2017-11,78.17
Okara,2017-12,89.27
Okara,2018-01,100.86
Okara,2018-02,100.42
Okara,2018-03,100.33
Okara,2018-04,61.58
Okara,2018-05,38.08
Okara,2018-06,41.0
Okara,2018-07,41.53
Okara,2018-08,56.53
Okara,2018-09,51.08
Okara,2018-10,63.53
Okara,2018-11,66.25
Okara,2018-12,95.6
Okara,2019-01,106.85
Okara,2019-02,98.57
Okara,2019-03,105.37
Okara,2019-04,90.26
Okara,2019-05,49.68
Okara,2019-06,44.17
Okara,2019-07,74.35
Okara,2019-08,39.35
Okara,2019-09,54.25
Okara,2019-10,83.39
Okara,2019-11,93.0
Okara,2019-12,87.98
Okara,2020-01,97.42
Okara,2020-02,90.43
Okara,2020-03,101.06
Okara,2020-04,80.95
Okara,2020-05,51.12
Okara,2020-06,32.0
Okara,2020-07,60.67
Okara,2020-08,65.65
Okara,2020-09,72.58
Okara,2020-10,82.33
Okara,2020-11,84.31
Okara,2020-12,92.66
Okara,2021-01,84.68
Okara,2021-02,106.09
Okara,2021-03,106.0
Okara,2021-04,86.21
Okara,2021-05,43.64
Okara,2021-06,53.33
Okara,2021-07,53.66
Okara,2021-08,33.29
Okara,2021-09,66.75
Okara,2021-10,56.21
Okara,2021-11,94.17
Okara,2021-12,111.0
Okara,2022-01,114.33
Okara,2022-02,111.67
Okara,2022-03,109.64
Okara,2022-04,79.72
Okara,2022-05,36.85
Okara,2022-06,36.5
Okara,2022-07,37.91
Okara,2022-08,46.07
Okara,2022-09,55.92
Okara,2022-10,81.78
Okara,2022-11,79.81
Okara,2022-12,81.07
Okara,2023-01,101.32
Okara,2023-02,117.81
Okara,2023-03,115.48
Okara,2023-04,84.66
Okara,2023-05,75.68
Okara,2023-06,72.43
Okara,2023-07,74.16
Okara,2023-08,55.42
Okara,2023-09,45.04
Onion Dry (Indian),2013-06,34.09
Onion Dry (Indian),2013-07,47.22
Onion Dry (Indian),2013-08,74.0
Onion Dry (Indian),2013-09,90.14
Onion Dry (Indian),2013-10,94.95
Onion Dry (Indian),2013-11,87.1
Onion Dry (Indian),2013-12,42.58
Onion Dry (Indian),2014-01,31.88
Onion Dry (Indian),2014-02,26.7
Onion Dry (Indian),2014-03,28.52
Onion Dry (Indian),2014-04,28.63
Onion Dry (Indian),2014-05,28.74
Onion Dry (Indian),2014-06,33.8
Onion Dry (Indian),2014-07,46.15
Onion Dry (Indian),2014-08,41.92
Onion Dry (Indian),2014-09,38.88
Onion Dry (Indian),2014-10,39.57
Onion Dry (Indian),2014-11,40.47
Onion Dry (Indian),2014-12,41.13
Onion Dry (Indian),2015-01,37.02
Onion Dry (Indian),2015-02,40.14
Onion Dry (Indian),2015-03,36.83
Onion Dry (Indian),2015-04,34.62
Onion Dry (Indian),2015-05,36.62
Onion Dry (Indian),2015-06,40.77
Onion Dry (Indian),2015-07,47.13
Onion Dry (Indian),2015-08,73.61
Onion Dry (Indian),2015-09,98.28
Onion Dry (Indian),2015-10,76.43
Onion Dry (Indian),2015-11,61.45
Onion Dry (Indian),2015-12,39.05
Onion Dry (Indian),2016-01,34.29
Onion Dry (Indian),2016-02,26.38
Onion Dry (Indian),2016-03,25.25
Onion Dry (Indian),2016-04,25.02
Onion Dry (Indian),2016-05,24.67
Onion Dry (Indian),2016-06,24.55
Onion Dry (Indian),2016-07,25.9
Onion Dry (Indian),2016-08,25.0
Onion Dry (Indian),2016-09,24.39
Onion Dry (Indian),2016-10,23.0
Onion Dry (Indian),2016-11,26.43
Onion Dry (Indian),2016-12,26.02
Onion Dry (Indian),2017-01,25.81
Onion Dry (Indian),2017-02,23.52
Onion Dry (Indian),2017-03,23.91
Onion Dry (Indian),2017-04,23.81
Onion Dry (Indian),2017-06,25.15
Onion Dry (Indian),2017-07,25.29
Onion Dry (Indian),2017-08,49.13
Onion Dry (Indian),2017-09,41.62
Onion Dry (Indian),2017-10,54.97
Onion Dry (Indian),2017-11,69.5
Onion Dry (Indian),2017-12,83.73
Onion Dry (Indian),2018-01,77.6
Onion Dry (Indian),2018-02,50.62
Onion Dry (Indian),2018-03,33.47
Onion Dry (Indian),2018-04,25.55
Onion Dry (Indian),2018-05,24.31
Onion Dry (Indian),2018-06,28.58
Onion Dry (Indian),2018-07,35.48
Onion Dry (Indian),2018-08,33.08
Onion Dry (Indian),2018-09,30.48
Onion Dry (Indian),2018-10,36.4
Onion Dry (Indian),2018-11,35.5
Onion Dry (Indian),2018-12,29.1
Onion Dry (Indian),2019-01,25.84
Onion Dry (Indian),2019-02,23.0
Onion Dry (Indian),2019-03,24.47
Onion Dry (Indian),2019-04,25.33
Onion Dry (Indian),2019-05,26.5
Onion Dry (Indian),2019-06,32.32
Onion Dry (Indian),2019-07,37.06
Onion Dry (Indian),2019-08,45.02
Onion Dry (Indian),2019-09,76.88
Onion Dry (Indian),2019-10,92.65
Onion Dry (Indian),2019-11,93.5
Onion Dry (Indian),2020-01,102.33
Onion Dry (Indian),2020-02,76.2
Onion Dry (Indian),2020-03,58.62
Onion Dry (Indian),2020-04,36.31
Onion Dry (Indian),2020-05,26.63
Onion Dry (Indian),2020-06,28.87
Onion Dry (Indian),2020-07,31.27
Onion Dry (Indian),2020-08,34.06
Onion Dry (Indian),2020-09,67.89
Onion Dry (Indian),2020-10,105.0
Onion Dry (Indian),2020-11,100.45
Onion Dry (Indian),2020-12,85.11
Onion Dry (Indian),2021-01,66.53
Onion Dry (Indian),2021-02,77.14
Onion Dry (Indian),2021-03,46.82
Onion Dry (Indian),2021-04,36.25
Onion Dry (Indian),2021-05,40.17
Onion Dry (Indian),2021-06,49.48
Onion Dry (Indian),2021-07,48.35
Onion Dry (Indian),2021-08,46.76
Onion Dry (Indian),2021-09,47.8
Onion Dry (Indian),2021-10,69.53
Onion Dry (Indian),2021-11,56.33
Onion Dry (Indian),2021-12,50.74
Onion Dry (Indian),2022-01,57.44
Onion Dry (Indian),2022-02,60.83
Onion Dry (Indian),2022-03,44.63
Onion Dry (Indian),2022-04,33.78
Onion Dry (Indian),2022-05,32.42
Onion Dry (Indian),2022-06,37.1
Onion Dry (Indian),2022-07,38.32
Onion Dry (Indian),2022-08,37.56
Onion Dry (Indian),2022-09,36.96
Onion Dry (Indian),2022-10,48.71
Onion Dry (Indian),2022-11,48.3
Onion Dry (Indian),2022-12,45.59
Onion Dry (Indian),2023-01,43.3
Onion Dry (Indian),2023-02,35.85
Onion Dry (Indian),2023-03,34.74
Onion Dry (Indian),2023-04,33.05
Onion Dry (Indian),2023-05,35.03
Onion Dry (Indian),2023-06,47.64
Onion Dry (Indian),2023-07,50.63
Onion Dry (Indian),2023-08,60.88
Onion Dry (Indian),2023-09,69.74
Onion Green,2013-06,39.77
Onion Green,2013-07,36.3
Onion Green,2013-08,52.19
Onion Green,2013-09,52.1
Onion Green,2013-10,70.65
Onion Green,2013-11,93.59
Onion Green,2013-12,65.21
Onion Green,2014-01,58.44
Onion Green,2014-02,51.36
Onion Green,2014-03,46.25
Onion Green,2014-04,43.33
Onion Green,2014-05,43.18
Onion Green,2014-06,44.9
Onion Green,2014-07,45.97
Onion Green,2014-08,52.84
Onion Green,2014-09,60.0
Onion Green,2014-10,60.69
Onion Green,2014-11,52.13
Onion Green,2014-12,48.88
Onion Green,2015-01,56.67
Onion Green,2015-02,40.06
Onion Green,2015-03,33.68
Onion Green,2015-04,45.1
Onion Green,2015-05,42.28
Onion Green,2015-06,59.67
Onion Green,2015-07,55.32
Onion Green,2015-08,65.16
Onion Green,2015-09,85.33
Onion Green,2015-10,103.55
Onion Green,2015-11,76.83
Onion Green,2015-12,72.66
Onion Green,2016-01,72.98
Onion Green,2016-02,54.05
Onion Green,2016-03,34.87
Onion Green,2016-04,38.2
Onion Green,2016-05,67.26
Onion Green,2016-06,70.58
Onion Green,2016-07,107.66
Onion Green,2016-08,107.1
Onion Green,2016-09,53.17
Onion Green,2016-10,52.58
Onion Green,2016-11,45.67
Onion Green,2016-12,39.27
Onion Green,2017-01,36.9
Onion Green,2017-02,35.67
Onion Green,2017-03,32.5
Onion Green,2017-05,34.89
Onion Green,2017-06,62.08
Onion Green,2017-07,97.9
Onion Green,2017-08,95.0
Onion Green,2017-09,101.9
Onion Green,2017-10,104.68
Onion Green,2017-11,100.0
Onion Green,2017-12,77.5
Onion Green,2018-01,94.92
Onion Green,2018-02,86.88
Onion Green,2018-03,63.17
Onion Green,2018-04,63.0
Onion Green,2018-05,67.18
Onion Green,2018-06,91.08
Onion Green,2018-07,131.0
Onion Green,2018-08,190.0
Onion Green,2018-09,117.94
Onion Green,2018-10,92.5
Onion Green,2018-11,50.83
Onion Green,2018-12,44.27
Onion Green,2019-01,59.11
Onion Green,2019-02,41.79
Onion Green,2019-03,33.93
Onion Green,2019-04,40.11
Onion Green,2019-05,74.68
Onion Green,2019-06,118.25
Onion Green,2019-07,155.18
Onion Green,2019-08,119.68
Onion Green,2019-09,81.67
Onion Green,2019-10,142.94
Onion Green,2019-11,130.67
Onion Green,2019-12,111.13
Onion Green,2020-01,131.77
Onion Green,2020-02,112.41
Onion Green,2020-03,73.62
Onion Green,2020-04,51.3
Onion Green,2020-05,40.8
Onion Green,2020-06,37.36
Onion Green,2020-07,87.08
Onion Green,2020-08,135.19
Onion Green,2020-09,98.0
Onion Green,2020-10,131.74
Onion Green,2020-11,88.5
Onion Green,2020-12,52.74
Onion Green,2021-01,51.85
Onion Green,2021-02,57.95
Onion Green,2021-03,56.33
Onion Green,2021-04,95.17
Onion Green,2021-05,63.5
Onion Green,2021-06,64.67
Onion Green,2021-07,108.06
Onion Green,2021-08,111.37
Onion Green,2021-09,165.71
Onion Green,2021-10,148.93
Onion Green,2021-11,103.0
Onion Green,2021-12,75.0
Onion Green,2022-01,56.29
Onion Green,2022-02,61.15
Onion Green,2022-03,35.62
Onion Green,2022-04,50.31
Onion Green,2022-05,81.78
Onion Green,2022-06,105.15
Onion Green,2022-08,179.29
Onion Green,2022-09,117.78
Onion Green,2022-10,106.72
Onion Green,2022-11,91.91
Onion Green,2022-12,55.88
Onion Green,2023-01,85.67
Onion Green,2023-02,67.32
Onion Green,2023-03,50.34
Onion Green,2023-04,50.96
Onion Green,2023-05,73.66
Onion Green,2023-06,78.54
Onion Green,2023-07,81.53
Onion Green,2023-08,120.48
Onion Green,2023-09,147.17
Pomegranate,2013-06,218.18
Pomegranate,2013-07,204.6
Pomegranate,2013-08,204.5
Pomegranate,2013-09,201.8
Pomegranate,2013-10,241.92
Pomegranate,2013-11,256.3
Pomegranate,2013-12,210.42
Pomegranate,2014-01,248.65
Pomegranate,2014-02,254.77
Pomegranate,2014-03,276.59
Pomegranate,2014-04,262.72
Pomegranate,2014-05,259.35
Pomegranate,2014-06,256.2
Pomegranate,2014-07,257.0
Pomegranate,2014-08,188.33
Pomegranate,2014-09,185.56
Pomegranate,2014-10,227.39
Pomegranate,2014-11,247.33
Pomegranate,2014-12,233.83
Pomegranate,2015-01,201.3
Pomegranate,2015-02,203.6
Pomegranate,2015-03,211.25
Pomegranate,2015-04,262.68
Pomegranate,2015-05,280.67
Pomegranate,2015-06,239.58
Pomegranate,2015-07,202.5
Pomegranate,2015-08,205.32
Pomegranate,2015-09,221.58
Pomegranate,2015-10,318.61
Pomegranate,2015-11,297.24
Pomegranate,2015-12,230.16
Pomegranate,2016-01,168.87
Pomegranate,2016-02,192.5
Pomegranate,2016-03,182.93
Pomegranate,2016-04,205.0
Pomegranate,2016-05,205.0
Pomegranate,2016-06,205.67
Pomegranate,2016-07,206.79
Pomegranate,2016-08,211.61
Pomegranate,2016-09,241.0
Pomegranate,2016-10,277.58
Pomegranate,2016-11,255.67
Pomegranate,2016-12,231.94
Pomegranate,2017-01,205.32
Pomegranate,2017-02,213.89
Pomegranate,2017-03,237.41
Pomegranate,2017-04,247.83
Pomegranate,2017-05,181.5
Pomegranate,2017-06,190.0
Pomegranate,2017-07,189.68
Pomegranate,2017-08,192.42
Pomegranate,2017-09,160.17
Pomegranate,2017-10,150.48
Pomegranate,2017-11,156.67
Pomegranate,2017-12,155.0
Pomegranate,2018-01,157.67
Pomegranate,2018-02,156.43
Pomegranate,2018-03,203.5
Pomegranate,2018-04,248.83
Pomegranate,2018-05,270.16
Pomegranate,2018-06,258.33
Pomegranate,2018-07,233.87
Pomegranate,2018-08,136.94
Pomegranate,2018-09,125.0
Pomegranate,2018-10,165.0
Pomegranate,2018-11,175.0
Pomegranate,2018-12,175.0
Pomegranate,2019-01,159.5
Pomegranate,2019-02,125.0
Pomegranate,2019-04,131.0
Pomegranate,2019-05,145.16
Pomegranate,2019-06,248.0
Pomegranate,2019-07,261.13
Pomegranate,2019-08,177.26
Pomegranate,2019-09,214.0
Pomegranate,2019-10,246.54
Pomegranate,2019-11,127.83
Pomegranate,2019-12,176.53
Pomegranate,2020-01,178.33
Pomegranate,2020-02,132.5
Pomegranate,2020-03,144.29
Pomegranate,2020-05,195.0
Pomegranate,2020-06,145.5
Pomegranate,2020-07,153.0
Pomegranate,2020-08,181.29
Pomegranate,2020-09,202.5
Pomegranate,2020-10,250.0
Pomegranate,2020-11,289.33
Pomegranate,2020-12,308.23
Pomegranate,2021-01,279.35
Pomegranate,2021-02,294.82
Pomegranate,2021-03,299.0
Pomegranate,2021-04,293.33
Pomegranate,2021-05,285.48
Pomegranate,2021-06,288.0
Pomegranate,2021-07,279.52
Pomegranate,2021-08,263.55
Pomegranate,2021-09,300.67
Pomegranate,2021-10,326.13
Pomegranate,2021-11,335.83
Pomegranate,2021-12,350.95
Pomegranate,2022-01,243.71
Pomegranate,2022-02,274.63
Pomegranate,2022-03,272.0
Pomegranate,2022-04,282.39
Pomegranate,2022-05,355.83
Pomegranate,2022-06,373.28
Pomegranate,2022-07,365.71
Pomegranate,2022-08,296.72
Pomegranate,2022-09,324.54
Pomegranate,2022-10,366.67
Pomegranate,2022-11,344.17
Pomegranate,2022-12,293.98
Pomegranate,2023-01,324.52
Pomegranate,2023-02,313.75
Pomegranate,2023-03,276.17
Pomegranate,2023-04,251.58
Pomegranate,2023-05,277.69
Pomegranate,2023-06,348.33
Pomegranate,2023-07,326.67
Pomegranate,2023-08,321.72
Pomegranate,2023-09,332.28
Potato Red,2013-06,21.77
Potato Red,2013-07,23.48
Potato Red,2013-08,28.14
Potato Red,2013-09,30.36
Potato Red,2013-10,36.78
Potato Red,2013-11,39.29
Potato Red,2013-12,30.9
Potato Red,2014-01,23.69
Potato Red,2014-02,19.97
Potato Red,2014-03,22.48
Potato Red,2014-04,26.09
Potato Red,2014-05,28.48
Potato Red,2014-06,36.36
Potato Red,2014-07,39.68
Potato Red,2014-08,46.18
Potato Red,2014-09,46.23
Potato Red,2014-10,51.02
Potato Red,2014-11,42.75
Potato Red,2014-12,29.62
Potato Red,2015-01,21.19
Potato Red,2015-02,21.0
Potato Red,2015-05,21.0
Potato Red,2015-06,21.22
Potato Red,2015-07,23.34
Potato Red,2015-08,28.52
Potato Red,2015-09,32.85
Potato Red,2015-10,36.85
Potato Red,2015-11,31.6
Potato Red,2015-12,28.13
Potato Red,2016-01,28.02
Potato Red,2016-02,22.57
Potato Red,2016-03,22.48
Potato Red,2016-04,25.05
Potato Red,2016-05,33.82
Potato Red,2016-06,35.3
Potato Red,2016-07,37.87
Potato Red,2016-08,40.81
Potato Red,2016-09,37.3
Potato Red,2016-10,36.79
Potato Red,2016-11,41.62
Potato Red,2016-12,30.71
Potato Red,2017-01,25.74
Potato Red,2017-02,21.17
Potato Red,2017-04,23.4
Potato Red,2017-05,21.0
Potato Red,2017-06,22.53
Potato Red,2017-07,25.73
Potato Red,2017-08,31.98
Potato Red,2017-09,31.33
Potato Red,2017-10,36.16
Potato Red,2017-11,38.63
Potato Red,2017-12,34.69
Potato Red,2018-01,27.45
Potato Red,2018-02,21.45
Potato Red,2018-03,23.63
Potato Red,2018-04,31.35
Potato Red,2018-05,29.16
Potato Red,2018-06,33.27
Potato Red,2018-07,40.16
Potato Red,2018-08,45.15
Potato Red,2018-09,53.25
Potato Red,2018-10,56.04
Potato Red,2018-11,51.67
Potato Red,2018-12,39.65
Potato Red,2019-01,29.84
Potato Red,2019-02,22.04
Potato Red,2019-03,22.08
Potato Red,2019-04,25.03
Potato Red,2019-05,27.02
Potato Red,2019-06,32.15
Potato Red,2019-07,38.13
Potato Red,2019-08,40.97
Potato Red,2019-09,51.42
Potato Red,2019-10,61.98
Potato Red,2019-11,48.53
Potato Red,2019-12,51.6
Potato Red,2020-01,46.04
Potato Red,2020-02,34.16
Potato Red,2020-03,32.72
Potato Red,2020-04,35.38
Potato Red,2020-05,31.0
Potato Red,2020-06,35.52
Potato Red,2020-07,51.55
Potato Red,2020-08,67.0
Potato Red,2020-09,67.0
Potato Red,2020-12,55.8
Potato Red,2021-01,34.44
Potato Red,2021-02,26.84
Potato Red,2021-03,27.78
Potato Red,2021-04,34.08
Potato Red,2021-05,39.68
Potato Red,2021-06,45.09
Potato Red,2021-07,48.68
Potato Red,2021-08,52.87
Potato Red,2021-09,57.67
Potato Red,2021-10,62.86
Potato Red,2021-11,58.87
Potato Red,2021-12,37.9
Potato Red,2022-01,36.92
Potato Red,2022-02,27.67
Potato Red,2022-03,26.62
Potato Red,2022-04,28.84
Potato Red,2022-05,31.76
Potato Red,2022-06,42.92
Potato Red,2022-07,55.15
Potato Red,2022-08,60.21
Potato Red,2022-09,61.76
Potato Red,2022-11,57.41
Potato Red,2022-12,50.26
Potato Red,2023-01,36.22
Potato Red,2023-02,27.23
Potato Red,2023-03,25.39
Potato Red,2023-04,29.82
Potato Red,2023-05,34.62
Potato Red,2023-06,43.49
Potato Red,2023-07,47.48
Potato Red,2023-08,51.11
Potato Red,2023-09,56.8
Pumpkin,2013-06,19.0
Pumpkin,2013-07,19.45
Pumpkin,2013-08,26.24
Pumpkin,2013-09,36.16
Pumpkin,2013-10,22.55
Pumpkin,2013-11,20.09
Pumpkin,2014-01,19.45
Pumpkin,2014-02,23.48
Pumpkin,2014-03,29.48
Pumpkin,2014-04,23.96
Pumpkin,2014-05,22.67
Pumpkin,2014-06,22.8
Pumpkin,2014-07,23.6
Pumpkin,2014-08,27.04
Pumpkin,2014-09,30.31
Pumpkin,2014-10,29.5
Pumpkin,2014-11,20.4
Pumpkin,2014-12,19.33
Pumpkin,2015-01,24.02
Pumpkin,2015-02,28.26
Pumpkin,2015-03,28.44
Pumpkin,2015-04,27.91
Pumpkin,2015-05,27.72
Pumpkin,2015-06,23.31
Pumpkin,2015-07,23.65
Pumpkin,2015-08,27.45
Pumpkin,2015-09,31.85
Pumpkin,2015-10,26.35
Pumpkin,2015-11,22.0
Pumpkin,2015-12,20.52
Pumpkin,2016-01,20.02
Pumpkin,2016-02,23.52
Pumpkin,2016-03,31.83
Pumpkin,2016-04,32.85
Pumpkin,2016-05,31.95
Pumpkin,2016-06,30.67
Pumpkin,2016-07,27.5
Pumpkin,2016-08,36.45
Pumpkin,2016-09,37.86
Pumpkin,2016-10,31.64
Pumpkin,2016-11,27.75
Pumpkin,2016-12,22.94
Pumpkin,2017-01,21.63
Pumpkin,2017-02,22.98
Pumpkin,2017-03,28.9
Pumpkin,2017-04,30.83
Pumpkin,2017-05,27.5
Pumpkin,2017-06,27.55
Pumpkin,2017-07,30.73
Pumpkin,2017-08,38.15
Pumpkin,2017-09,47.12
Pumpkin,2017-10,32.98
Pumpkin,2017-11,23.3
Pumpkin,2017-12,21.27
Pumpkin,2018-01,22.5
Pumpkin,2018-02,24.62
Pumpkin,2018-03,35.47
Pumpkin,2018-04,33.83
Pumpkin,2018-05,28.18
Pumpkin,2018-06,31.25
Pumpkin,2018-07,32.26
Pumpkin,2018-08,36.29
Pumpkin,2018-09,38.75
Pumpkin,2018-10,32.94
Pumpkin,2018-11,26.17
Pumpkin,2018-12,22.27
Pumpkin,2019-01,23.31
Pumpkin,2019-02,23.62
Pumpkin,2019-03,30.82
Pumpkin,2019-04,36.33
Pumpkin,2019-05,38.58
Pumpkin,2019-06,33.53
Pumpkin,2019-07,37.33
Pumpkin,2019-08,37.31
Pumpkin,2019-09,41.07
Pumpkin,2019-10,45.63
Pumpkin,2019-11,41.42
Pumpkin,2019-12,42.5
Pumpkin,2020-01,42.5
Pumpkin,2020-02,45.7
Pumpkin,2020-03,47.5
Pumpkin,2020-04,43.55
Pumpkin,2020-05,36.37
Pumpkin,2020-06,27.84
Pumpkin,2020-07,29.63
Pumpkin,2020-08,38.47
Pumpkin,2020-09,36.0
Pumpkin,2020-10,35.17
Pumpkin,2020-11,26.41
Pumpkin,2020-12,27.34
Pumpkin,2021-01,30.56
Pumpkin,2021-02,31.57
Pumpkin,2021-03,35.67
Pumpkin,2021-04,32.83
Pumpkin,2021-05,32.5
Pumpkin,2021-06,31.55
Pumpkin,2021-07,35.24
Pumpkin,2021-08,37.9
Pumpkin,2021-09,39.67
Pumpkin,2021-10,32.83
Pumpkin,2021-11,27.98
Pumpkin,2021-12,26.94
Pumpkin,2022-01,27.66
Pumpkin,2022-02,29.81
Pumpkin,2022-03,36.35
Pumpkin,2022-04,44.69
Pumpkin,2022-05,44.36
Pumpkin,2022-06,32.88
Pumpkin,2022-07,33.3
Pumpkin,2022-08,38.42
Pumpkin,2022-09,44.79
Pumpkin,2022-10,38.71
Pumpkin,2022-11,33.04
Pumpkin,2022-12,41.32
Pumpkin,2023-01,41.02
Pumpkin,2023-02,36.57
Pumpkin,2023-03,44.25
Pumpkin,2023-04,41.39
Pumpkin,2023-05,45.39
Pumpkin,2023-06,37.53
Pumpkin,2023-07,42.14
Pumpkin,2023-08,44.55
Pumpkin,2023-09,47.5
Raddish White(Local),2013-06,27.73
Raddish White(Local),2013-07,23.0
Raddish White(Local),2013-08,23.88
Raddish White(Local),2013-09,32.26
Raddish White(Local),2013-10,34.32
Raddish White(Local),2013-11,22.1
Raddish White(Local),2013-12,15.17
Raddish White(Local),2014-01,14.11
Raddish White(Local),2014-02,12.5
Raddish White(Local),2014-03,13.5
Raddish White(Local),2014-04,18.59
Raddish White(Local),2014-05,21.39
Raddish White(Local),2014-06,28.96
Raddish White(Local),2014-07,18.98
Raddish White(Local),2014-08,15.67
Raddish White(Local),2014-09,18.6
Raddish White(Local),2014-10,28.02
Raddish White(Local),2014-11,18.12
Raddish White(Local),2014-12,15.87
Raddish White(Local),2015-01,15.65
Raddish White(Local),2015-02,14.23
Raddish White(Local),2015-03,19.79
Raddish White(Local),2015-04,16.52
Raddish White(Local),2015-05,15.45
Raddish White(Local),2015-06,15.61
Raddish White(Local),2015-07,25.03
Raddish White(Local),2015-08,21.31
Raddish White(Local),2015-09,23.32
Raddish White(Local),2015-10,27.69
Raddish White(Local),2015-11,22.26
Raddish White(Local),2015-12,19.66
Raddish White(Local),2016-01,19.37
Raddish White(Local),2016-02,21.71
Raddish White(Local),2016-03,36.47
Raddish White(Local),2016-04,42.0
Raddish White(Local),2016-05,44.41
Raddish White(Local),2016-06,39.82
Raddish White(Local),2016-07,21.47
Raddish White(Local),2016-08,25.9
Raddish White(Local),2016-09,44.15
Raddish White(Local),2016-10,32.44
Raddish White(Local),2016-11,21.97
Raddish White(Local),2016-12,20.05
Raddish White(Local),2017-01,18.39
Raddish White(Local),2017-02,12.84
Raddish White(Local),2017-03,14.0
Raddish White(Local),2017-04,16.58
Raddish White(Local),2017-05,16.62
Raddish White(Local),2017-06,17.58
Raddish White(Local),2017-07,20.19
Raddish White(Local),2017-08,22.39
Raddish White(Local),2017-09,24.84
Raddish White(Local),2017-10,30.4
Raddish White(Local),2017-11,28.33
Raddish White(Local),2017-12,30.42
Raddish White(Local),2018-01,29.67
Raddish White(Local),2018-02,25.48
Raddish White(Local),2018-03,32.05
Raddish White(Local),2018-04,31.72
Raddish White(Local),2018-05,27.79
Raddish White(Local),2018-06,33.1
Raddish White(Local),2018-07,28.95
Raddish White(Local),2018-08,29.31
Raddish White(Local),2018-09,33.53
Raddish White(Local),2018-10,23.71
Raddish White(Local),2018-11,18.68
Raddish White(Local),2018-12,18.44
Raddish White(Local),2019-01,13.79
Raddish White(Local),2019-02,12.68
Raddish White(Local),2019-03,26.67
Raddish White(Local),2019-04,32.13
Raddish White(Local),2019-05,36.56
Raddish White(Local),2019-06,41.61
Raddish White(Local),2019-07,45.62
Raddish White(Local),2019-08,39.33
Raddish White(Local),2019-09,38.75
Raddish White(Local),2019-10,40.61
Raddish White(Local),2019-11,41.42
Raddish White(Local),2019-12,39.25
Raddish White(Local),2020-01,26.21
Raddish White(Local),2020-02,16.34
Raddish White(Local),2020-03,16.21
Raddish White(Local),2020-04,14.23
Raddish White(Local),2020-05,12.85
Raddish White(Local),2020-06,13.02
Raddish White(Local),2020-07,33.52
Raddish White(Local),2020-08,46.5
Raddish White(Local),2020-09,46.15
Raddish White(Local),2020-10,33.5
Raddish White(Local),2020-11,16.26
Raddish White(Local),2020-12,12.7
Raddish White(Local),2021-01,15.75
Raddish White(Local),2021-02,29.07
Raddish White(Local),2021-03,46.63
Raddish White(Local),2021-04,52.5
Raddish White(Local),2021-05,18.71
Raddish White(Local),2021-06,15.1
Raddish White(Local),2021-07,21.05
Raddish White(Local),2021-08,17.58
Raddish White(Local),2021-09,22.75
Raddish White(Local),2021-10,36.25
Raddish White(Local),2021-11,43.57
Raddish White(Local),2021-12,33.63
Raddish White(Local),2022-01,21.58
Raddish White(Local),2022-02,14.33
Raddish White(Local),2022-03,14.3
Raddish White(Local),2022-04,20.27
Raddish White(Local),2022-05,24.9
Raddish White(Local),2022-06,42.28
Raddish White(Local),2022-07,25.13
Raddish White(Local),2022-08,17.61
Raddish White(Local),2022-09,22.36
Raddish White(Local),2022-10,32.76
Raddish White(Local),2022-11,25.36
Raddish White(Local),2022-12,26.12
Raddish White(Local),2023-01,23.14
Raddish White(Local),2023-02,19.04
Raddish White(Local),2023-03,34.2
Raddish White(Local),2023-04,24.8
Raddish White(Local),2023-05,18.94
Raddish White(Local),2023-06,14.7
Raddish White(Local),2023-07,17.13
Raddish White(Local),2023-08,36.41
Raddish White(Local),2023-09,55.0
Sugarbeet,2013-07,57.17
Sugarbeet,2013-08,55.13
Sugarbeet,2013-09,55.8
Sugarbeet,2013-10,62.2
Sugarbeet,2013-11,65.19
Sugarbeet,2013-12,79.71
Sugarbeet,2014-01,86.88
Sugarbeet,2014-02,64.0
Sugarbeet,2014-03,69.38
Sugarbeet,2014-04,60.0
Sugarbeet,2014-05,55.0
Sugarbeet,2014-06,55.83
Sugarbeet,2014-07,64.62
Sugarbeet,2014-08,64.66
Sugarbeet,2014-09,65.56
Sugarbeet,2014-10,65.71
Sugarbeet,2014-11,95.0
Sugarbeet,2014-12,70.65
Sugarbeet,2015-01,66.39
Sugarbeet,2015-02,59.09
Sugarbeet,2015-03,56.11
Sugarbeet,2015-04,65.0
Sugarbeet,2015-05,55.0
Sugarbeet,2015-06,59.64
Sugarbeet,2015-07,55.88
Sugarbeet,2015-08,55.4
Sugarbeet,2015-09,63.42
Sugarbeet,2015-10,62.5
Sugarbeet,2015-11,62.76
Sugarbeet,2015-12,68.87
Sugarbeet,2016-01,58.63
Sugarbeet,2016-02,55.09
Sugarbeet,2016-03,56.12
Sugarbeet,2016-04,60.09
Sugarbeet,2016-05,71.5
Sugarbeet,2016-06,64.48
Sugarbeet,2016-07,62.82
Sugarbeet,2016-08,88.39
Sugarbeet,2016-09,82.5
Sugarbeet,2016-12,95.0
Sugarbeet,2017-01,95.0
Sugarbeet,2017-02,83.52
Sugarbeet,2017-03,65.0
Sugarbeet,2017-04,65.0
Sugarbeet,2017-05,65.0
Sugarbeet,2017-06,65.0
Sugarbeet,2017-07,58.55
Sugarbeet,2017-08,58.42
Sugarbeet,2017-09,75.0
Sugarbeet,2017-10,75.0
Sugarbeet,2017-11,75.17
Sugarbeet,2017-12,75.0
Sugarbeet,2018-01,74.33
Sugarbeet,2018-02,65.36
Sugarbeet,2018-03,65.08
Sugarbeet,2018-04,62.33
Sugarbeet,2018-05,61.94
Sugarbeet,2018-06,74.92
Sugarbeet,2018-07,75.0
Sugarbeet,2018-08,74.67
Sugarbeet,2018-09,75.0
Sugarbeet,2018-10,75.0
Sugarbeet,2018-11,75.0
Sugarbeet,2018-12,75.0
Sugarbeet,2019-01,75.0
Sugarbeet,2019-02,69.29
Sugarbeet,2019-03,62.67
Sugarbeet,2019-04,55.69
Sugarbeet,2019-05,73.39
Sugarbeet,2019-06,75.33
Sugarbeet,2019-07,77.9
Sugarbeet,2019-08,85.0
Sugarbeet,2019-09,85.36
Sugarbeet,2019-10,85.0
Sugarbeet,2019-11,85.0
Sugarbeet,2019-12,85.0
Sugarbeet,2020-01,76.61
Sugarbeet,2020-02,75.0
Sugarbeet,2020-03,65.0
Sugarbeet,2020-04,63.7
Sugarbeet,2020-05,56.72
Sugarbeet,2020-06,55.0
Sugarbeet,2020-07,55.37
Sugarbeet,2020-08,55.0
Sugarbeet,2020-09,55.0
Sugarbeet,2020-10,65.71
Sugarbeet,2020-11,90.26
Sugarbeet,2020-12,90.17
Sugarbeet,2021-01,76.29
Sugarbeet,2021-02,75.71
Sugarbeet,2021-03,74.66
Sugarbeet,2021-04,74.67
Sugarbeet,2021-05,73.55
Sugarbeet,2021-06,75.0
Sugarbeet,2021-07,79.62
Sugarbeet,2021-08,95.0
Sugarbeet,2021-09,92.41
Sugarbeet,2021-10,78.0
Sugarbeet,2021-11,79.0
Sugarbeet,2021-12,85.65
Sugarbeet,2022-01,76.6
Sugarbeet,2022-02,77.59
Sugarbeet,2022-03,63.33
Sugarbeet,2022-04,72.5
Sugarbeet,2022-05,78.22
Sugarbeet,2022-06,79.94
Sugarbeet,2022-07,76.13
Sugarbeet,2022-08,75.97
Sugarbeet,2022-09,76.0
Sugarbeet,2022-10,76.84
Sugarbeet,2022-11,85.19
Sugarbeet,2022-12,81.43
Sugarbeet,2023-01,72.66
Sugarbeet,2023-02,73.93
Sugarbeet,2023-03,75.56
Sugarbeet,2023-04,73.06
Sugarbeet,2023-05,75.75
Sugarbeet,2023-06,75.95
Sugarbeet,2023-07,77.59
Sugarbeet,2023-08,81.99
Sugarbeet,2023-09,81.13
Tamarind,2013-07,75.0
Tamarind,2013-08,75.0
Tamarind,2013-09,75.52
Tamarind,2013-10,75.1
Tamarind,2013-11,76.85
Tamarind,2013-12,75.0
Tamarind,2014-01,78.65
Tamarind,2014-02,84.55
Tamarind,2014-03,77.61
Tamarind,2014-04,77.93
Tamarind,2014-05,75.0
Tamarind,2014-06,77.92
Tamarind,2014-07,86.94
Tamarind,2014-08,93.08
Tamarind,2014-09,95.0
Tamarind,2014-10,95.0
Tamarind,2014-11,95.0
Tamarind,2014-12,95.0
Tamarind,2015-01,100.19
Tamarind,2015-02,114.9
Tamarind,2015-03,108.46
Tamarind,2015-04,103.75
Tamarind,2015-05,95.0
Tamarind,2015-06,95.0
Tamarind,2015-07,95.65
Tamarind,2015-08,95.0
Tamarind,2015-09,96.0
Tamarind,2015-10,96.61
Tamarind,2015-11,95.0
Tamarind,2015-12,95.65
Tamarind,2016-01,94.35
Tamarind,2016-02,95.0
Tamarind,2016-03,95.0
Tamarind,2016-04,95.0
Tamarind,2016-05,95.0
Tamarind,2016-06,95.0
Tamarind,2016-07,95.0
Tamarind,2016-08,95.0
Tamarind,2016-09,95.0
Tamarind,2016-10,95.0
Tamarind,2016-11,95.0
Tamarind,2016-12,95.0
Tamarind,2017-01,95.32
Tamarind,2017-02,101.67
Tamarind,2017-03,105.0
Tamarind,2017-04,105.0
Tamarind,2017-05,109.83
Tamarind,2017-06,115.0
Tamarind,2017-07,115.0
Tamarind,2017-08,114.68
Tamarind,2017-09,115.0
Tamarind,2017-10,115.0
Tamarind,2017-11,115.0
Tamarind,2017-12,120.21
Tamarind,2018-01,125.0
Tamarind,2018-02,125.0
Tamarind,2018-03,125.77
Tamarind,2018-04,150.0
Tamarind,2018-05,145.0
Tamarind,2018-06,145.0
Tamarind,2018-07,145.0
Tamarind,2018-08,145.0
Tamarind,2018-09,145.0
Tamarind,2018-10,144.68
Tamarind,2018-11,135.17
Tamarind,2018-12,135.0
Tamarind,2019-01,135.0
Tamarind,2019-02,135.18
Tamarind,2019-03,134.83
Tamarind,2019-04,135.0
Tamarind,2019-05,134.35
Tamarind,2019-06,134.0
Tamarind,2019-07,135.0
Tamarind,2019-08,135.0
Tamarind,2019-09,135.34
Tamarind,2019-10,135.32
Tamarind,2019-11,135.0
Tamarind,2019-12,135.0
Tamarind,2020-01,135.32
Tamarind,2020-02,134.31
Tamarind,2020-03,135.71
Tamarind,2020-04,135.0
Tamarind,2020-05,135.0
Tamarind,2020-06,135.0
Tamarind,2020-07,135.0
Tamarind,2020-08,135.0
Tamarind,2020-09,135.0
Tamarind,2020-10,136.58
Tamarind,2020-11,145.69
Tamarind,2020-12,145.0
Tamarind,2021-01,145.0
Tamarind,2021-02,145.0
Tamarind,2021-03,145.0
Tamarind,2021-04,150.33
Tamarind,2021-05,154.67
Tamarind,2021-06,149.33
Tamarind,2021-07,145.0
Tamarind,2021-08,145.0
Tamarind,2021-09,145.0
Tamarind,2021-10,145.0
Tamarind,2021-11,145.0
Tamarind,2021-12,145.0
Tamarind,2022-01,153.71
Tamarind,2022-02,155.0
Tamarind,2022-03,155.0
Tamarind,2022-04,155.0
Tamarind,2022-05,155.0
Tamarind,2022-06,150.0
Tamarind,2022-07,147.4
Tamarind,2022-08,146.02
Tamarind,2022-09,146.06
Tamarind,2022-10,145.95
Tamarind,2022-11,145.98
Tamarind,2022-12,146.2
Tamarind,2023-01,146.35
Tamarind,2023-02,146.49
Tamarind,2023-03,149.02
Tamarind,2023-04,151.21
Tamarind,2023-05,147.5
Tamarind,2023-06,136.11
Tamarind,2023-07,138.22
Tamarind,2023-08,146.67
Tamarind,2023-09,146.49
Tofu,2013-07,65.0
Tofu,2013-08,65.25
Tofu,2013-09,65.0
Tofu,2013-10,65.0
Tofu,2013-11,66.09
Tofu,2013-12,65.0
Tofu,2014-01,65.21
Tofu,2014-02,65.0
Tofu,2014-03,65.12
Tofu,2014-04,65.65
Tofu,2014-05,65.0
Tofu,2014-06,65.0
Tofu,2014-07,65.0
Tofu,2014-08,65.0
Tofu,2014-09,65.0
Tofu,2014-10,65.48
Tofu,2014-11,65.33
Tofu,2014-12,65.27
Tofu,2015-01,67.22
Tofu,2015-02,84.2
Tofu,2015-03,74.89
Tofu,2015-04,65.0
Tofu,2015-05,65.0
Tofu,2015-06,73.75
Tofu,2015-07,66.0
Tofu,2015-08,65.4
Tofu,2015-09,65.0
Tofu,2015-10,65.0
Tofu,2015-11,73.21
Tofu,2015-12,75.0
Tofu,2016-01,75.0
Tofu,2016-02,74.91
Tofu,2016-03,79.73
Tofu,2016-04,85.0
Tofu,2016-05,85.0
Tofu,2016-06,85.0
Tofu,2016-07,85.0
Tofu,2016-08,84.84
Tofu,2016-09,85.0
Tofu,2016-10,85.0
Tofu,2016-11,84.31
Tofu,2016-12,85.0
Tofu,2017-01,85.32
Tofu,2017-02,85.0
Tofu,2017-03,85.0
Tofu,2017-04,85.0
Tofu,2017-05,85.0
Tofu,2017-06,85.0
Tofu,2017-07,85.0
Tofu,2017-08,85.0
Tofu,2017-09,83.97
Tofu,2017-10,75.0
Tofu,2017-11,75.0
Tofu,2017-12,75.0
Tofu,2018-01,72.67
Tofu,2018-02,65.0
Tofu,2018-03,65.33
Tofu,2018-04,65.0
Tofu,2018-05,65.0
Tofu,2018-06,65.0
Tofu,2018-07,65.32
Tofu,2018-08,66.33
Tofu,2018-09,95.0
Tofu,2018-10,95.0
Tofu,2018-11,95.34
Tofu,2018-12,95.32
Tofu,2019-01,95.0
Tofu,2019-02,95.0
Tofu,2019-03,95.0
Tofu,2019-04,95.0
Tofu,2019-05,95.0
Tofu,2019-06,95.0
Tofu,2019-07,95.0
Tofu,2019-08,95.0
Tofu,2019-09,95.0
Tofu,2019-10,95.0
Tofu,2019-11,95.0
Tofu,2019-12,95.0
Tofu,2020-01,95.0
Tofu,2020-02,95.0
Tofu,2020-03,95.69
Tofu,2020-04,95.0
Tofu,2020-05,95.0
Tofu,2020-06,95.0
Tofu,2020-07,95.0
Tofu,2020-08,101.29
Tofu,2020-09,95.0
Tofu,2020-10,91.55
Tofu,2020-11,85.0
Tofu,2020-12,82.42
Tofu,2021-01,75.0
Tofu,2021-02,75.0
Tofu,2021-03,75.0
Tofu,2021-04,85.0
Tofu,2021-05,95.0
Tofu,2021-06,95.0
Tofu,2021-07,95.0
Tofu,2021-08,95.0
Tofu,2021-09,95.0
Tofu,2021-10,91.45
Tofu,2021-11,89.33
Tofu,2021-12,89.52
Tofu,2022-01,94.35
Tofu,2022-02,95.0
Tofu,2022-03,86.33
Tofu,2022-04,94.56
Tofu,2022-05,110.56
Tofu,2022-06,115.28
Tofu,2022-07,116.13
Tofu,2022-08,116.08
Tofu,2022-09,107.5
Tofu,2022-10,105.81
Tofu,2022-11,123.49
Tofu,2022-12,125.0
Tofu,2023-01,125.0
Tofu,2023-02,125.0
Tofu,2023-03,122.98
Tofu,2023-04,125.0
Tofu,2023-05,112.14
Tofu,2023-06,113.54
Tofu,2023-07,116.06
Tofu,2023-08,116.4
Tofu,2023-09,116.13
Tomato Small(Local),2013-06,23.64
Tomato Small(Local),2013-07,35.36
Tomato Small(Local),2013-08,31.52
Tomato Small(Local),2013-09,39.58
Tomato Small(Local),2013-10,49.58
Tomato Small(Local),2013-11,59.86
Tomato Small(Local),2013-12,31.38
Tomato Small(Local),2014-01,27.58
Tomato Small(Local),2014-02,30.63
Tomato Small(Local),2014-03,43.82
Tomato Small(Local),2014-04,37.85
Tomato Small(Local),2014-05,22.34
Tomato Small(Local),2014-06,26.74
Tomato Small(Local),2014-07,23.7
Tomato Small(Local),2014-08,38.6
Tomato Small(Local),2014-09,42.32
Tomato Small(Local),2014-10,42.75
Tomato Small(Local),2014-11,25.4
Tomato Small(Local),2014-12,32.32
Tomato Small(Local),2015-01,26.72
Tomato Small(Local),2015-02,17.03
Tomato Small(Local),2015-03,39.85
Tomato Small(Local),2015-04,35.8
Tomato Small(Local),2015-05,50.23
Tomato Small(Local),2015-06,44.75
Tomato Small(Local),2015-07,52.05
Tomato Small(Local),2015-08,50.28
Tomato Small(Local),2015-09,28.73
Tomato Small(Local),2015-10,24.86
Tomato Small(Local),2015-11,52.66
Tomato Small(Local),2015-12,47.48
Tomato Small(Local),2016-01,22.11
Tomato Small(Local),2016-02,26.02
Tomato Small(Local),2016-03,34.91
Tomato Small(Local),2016-04,29.3
Tomato Small(Local),2016-05,56.55
Tomato Small(Local),2016-06,51.43
Tomato Small(Local),2016-07,62.46
Tomato Small(Local),2016-08,55.06
Tomato Small(Local),2016-09,47.38
Tomato Small(Local),2016-10,57.74
Tomato Small(Local),2016-11,35.02
Tomato Small(Local),2016-12,31.35
Tomato Small(Local),2017-01,24.79
Tomato Small(Local),2017-02,18.21
Tomato Small(Local),2017-03,28.78
Tomato Small(Local),2017-04,30.33
Tomato Small(Local),2017-05,35.25
Tomato Small(Local),2017-06,40.4
Tomato Small(Local),2017-07,31.74
Tomato Small(Local),2017-08,51.98
Tomato Small(Local),2017-09,47.45
Tomato Small(Local),2017-10,50.53
Tomato Small(Local),2017-11,60.55
Tomato Small(Local),2017-12,45.71
Tomato Small(Local),2018-01,30.0
Tomato Small(Local),2018-02,23.88
Tomato Small(Local),2018-03,36.6
Tomato Small(Local),2018-04,29.4
Tomato Small(Local),2018-05,32.0
Tomato Small(Local),2018-06,35.35
Tomato Small(Local),2018-07,20.32
Tomato Small(Local),2018-08,28.81
Tomato Small(Local),2018-09,42.4
Tomato Small(Local),2018-10,47.13
Tomato Small(Local),2018-11,23.08
Tomato Small(Local),2018-12,19.95
Tomato Small(Local),2019-01,25.08
Tomato Small(Local),2019-02,26.48
Tomato Small(Local),2019-03,45.93
Tomato Small(Local),2019-04,39.15
Tomato Small(Local),2019-05,66.34
Tomato Small(Local),2019-06,38.22
Tomato Small(Local),2019-07,49.83
Tomato Small(Local),2019-08,59.26
Tomato Small(Local),2019-09,38.77
Tomato Small(Local),2019-10,47.5
Tomato Small(Local),2019-11,39.9
Tomato Small(Local),2019-12,35.61
Tomato Small(Local),2020-01,30.11
Tomato Small(Local),2020-02,18.9
Tomato Small(Local),2020-03,39.23
Tomato Small(Local),2020-04,31.62
Tomato Small(Local),2020-05,28.1
Tomato Small(Local),2020-06,23.74
Tomato Small(Local),2020-07,27.44
Tomato Small(Local),2020-08,45.43
Tomato Small(Local),2020-09,53.91
Tomato Small(Local),2020-10,52.39
Tomato Small(Local),2020-11,44.83
Tomato Small(Local),2020-12,46.69
Tomato Small(Local),2021-01,24.67
Tomato Small(Local),2021-02,17.4
Tomato Small(Local),2021-03,30.94
Tomato Small(Local),2021-04,28.2
Tomato Small(Local),2021-05,26.59
Tomato Small(Local),2021-06,28.87
Tomato Small(Local),2021-07,24.71
Tomato Small(Local),2021-08,19.77
Tomato Small(Local),2021-09,25.0
Tomato Small(Local),2021-10,50.15
Tomato Small(Local),2021-11,62.06
Tomato Small(Local),2021-12,51.83
Tomato Small(Local),2022-01,25.45
Tomato Small(Local),2022-02,24.04
Tomato Small(Local),2022-03,33.28
Tomato Small(Local),2022-04,36.58
Tomato Small(Local),2022-05,60.25
Tomato Small(Local),2022-06,38.51
Tomato Small(Local),2022-07,39.27
Tomato Small(Local),2022-08,31.39
Tomato Small(Local),2022-09,30.81
Tomato Small(Local),2022-10,34.2
Tomato Small(Local),2022-11,27.1
Tomato Small(Local),2022-12,21.29
Tomato Small(Local),2023-01,19.96
Tomato Small(Local),2023-02,18.18
Tomato Small(Local),2023-03,34.16
Tomato Small(Local),2023-04,23.89
Tomato Small(Local),2023-05,38.65
Tomato Small(Local),2023-06,17.71
Tomato Small(Local),2023-07,32.62
Tomato Small(Local),2023-08,58.17
Tomato Small(Local),2023-09,50.39
Water Melon(Green),2013-06,24.5
Water Melon(Green),2013-07,41.74
Water Melon(Green),2013-08,43.75
Water Melon(Green),2013-09,51.4
Water Melon(Green),2013-10,49.8
Water Melon(Green),2013-11,55.73
Water Melon(Green),2013-12,53.96
Water Melon(Green),2014-01,54.48
Water Melon(Green),2014-02,52.73
Water Melon(Green),2014-03,29.11
Water Melon(Green),2014-04,24.66
Water Melon(Green),2014-05,23.41
Water Melon(Green),2014-06,25.26
Water Melon(Green),2014-07,51.85
Water Melon(Green),2014-08,46.67
Water Melon(Green),2014-09,45.0
Water Melon(Green),2014-10,47.24
Water Melon(Green),2014-11,55.83
Water Melon(Green),2014-12,55.62
Water Melon(Green),2015-01,53.75
Water Melon(Green),2015-02,47.5
Water Melon(Green),2015-03,38.42
Water Melon(Green),2015-04,26.17
Water Melon(Green),2015-05,24.5
Water Melon(Green),2015-06,23.17
Water Melon(Green),2015-07,38.5
Water Melon(Green),2015-08,62.59
Water Melon(Green),2015-09,51.0
Water Melon(Green),2015-10,65.98
Water Melon(Green),2015-11,59.25
Water Melon(Green),2015-12,65.0
Water Melon(Green),2016-01,55.75
Water Melon(Green),2016-02,51.07
Water Melon(Green),2016-03,33.09
Water Melon(Green),2016-04,26.47
Water Melon(Green),2016-05,24.33
Water Melon(Green),2016-06,27.5
Water Melon(Green),2016-07,46.45
Water Melon(Green),2016-08,43.55
Water Melon(Green),2016-09,52.5
Water Melon(Green),2016-10,52.5
Water Melon(Green),2016-11,61.42
Water Melon(Green),2016-12,65.32
Water Melon(Green),2017-01,65.33
Water Melon(Green),2017-02,41.02
Water Melon(Green),2017-03,35.69
Water Melon(Green),2017-04,23.07
Water Melon(Green),2017-05,24.17
Water Melon(Green),2017-06,31.37
Water Melon(Green),2017-07,52.42
Water Melon(Green),2017-08,71.69
Water Melon(Green),2017-09,62.93
Water Melon(Green),2017-10,56.94
Water Melon(Green),2017-11,52.25
Water Melon(Green),2017-12,46.25
Water Melon(Green),2018-01,43.67
Water Melon(Green),2018-02,44.82
Water Melon(Green),2018-03,38.25
Water Melon(Green),2018-04,29.82
Water Melon(Green),2018-05,24.73
Water Melon(Green),2018-06,35.9
Water Melon(Green),2018-07,42.76
Water Melon(Green),2018-08,45.53
Water Melon(Green),2018-09,49.83
Water Melon(Green),2018-10,52.9
Water Melon(Green),2018-11,53.33
Water Melon(Green),2018-12,51.79
Water Melon(Green),2019-01,51.77
Water Melon(Green),2019-02,39.64
Water Melon(Green),2019-03,39.5
Water Melon(Green),2019-04,36.67
Water Melon(Green),2019-05,35.53
Water Melon(Green),2019-06,27.98
Water Melon(Green),2019-07,48.5
Water Melon(Green),2019-08,53.47
Water Melon(Green),2019-09,57.5
Water Melon(Green),2019-10,57.5
Water Melon(Green),2019-11,57.42
Water Melon(Green),2019-12,57.02
Water Melon(Green),2020-01,58.15
Water Melon(Green),2020-02,54.91
Water Melon(Green),2020-03,40.0
Water Melon(Green),2020-04,42.12
Water Melon(Green),2020-05,34.67
Water Melon(Green),2020-06,32.33
Water Melon(Green),2020-07,37.33
Water Melon(Green),2020-08,45.74
Water Melon(Green),2020-09,74.47
Water Melon(Green),2020-10,76.29
Water Melon(Green),2020-11,68.88
Water Melon(Green),2020-12,57.9
Water Melon(Green),2021-01,46.94
Water Melon(Green),2021-02,43.66
Water Melon(Green),2021-03,44.25
Water Melon(Green),2021-04,45.5
Water Melon(Green),2021-05,32.9
Water Melon(Green),2021-06,32.5
Water Melon(Green),2021-07,70.48
Water Melon(Green),2021-08,73.1
Water Melon(Green),2021-09,49.67
Water Melon(Green),2021-10,63.63
Water Melon(Green),2021-11,67.0
Water Melon(Green),2021-12,85.0
Water Melon(Green),2022-01,81.47
Water Melon(Green),2022-02,73.89
Water Melon(Green),2022-03,56.58
Water Melon(Green),2022-04,48.0
Water Melon(Green),2022-05,35.61
Water Melon(Green),2022-06,42.18
Water Melon(Green),2022-07,56.16
Water Melon(Green),2022-08,56.64
Water Melon(Green),2022-09,66.1
Water Melon(Green),2022-10,85.0
Water Melon(Green),2022-11,76.36
Water Melon(Green),2022-12,48.5
Water Melon(Green),2023-01,44.79
Water Melon(Green),2023-02,43.3
Water Melon(Green),2023-03,42.14
Water Melon(Green),2023-04,39.52
Water Melon(Green),2023-05,40.37
Water Melon(Green),2023-06,51.31
Water Melon(Green),2023-07,84.87
Water Melon(Green),2023-08,75.9
Water Melon(Green),2023-09,62.86
